subject,topic_id,code,section,source_pdf_page,source_url,extracted_outcome,extraction_flags,label_review,guide_review,questions_approved,reviewer_notes
FAR,far-001,1.1,"Development of Financial Reporting Framework, Standard-Setting",1,https://www.prc.gov.ph/sites/default/files/2022-30%20BOA%20TOS%20Final.pdf,"Explain the history, development and functions of IASB, IFRIC and SIC, FRSC AND PIC",,pending,pending,0,
FAR,far-002,2.1,"Development of Financial Reporting Framework, Standard-Setting",1,https://www.prc.gov.ph/sites/default/files/2022-30%20BOA%20TOS%20Final.pdf,"Explain the regulation and environment of the profession through the Professional Regulatory Board of Accountancy, the accredited professional organization of professional accountants in the Philippines and the sectors of the practice of accountancy profession and their accreditation requirements",long label; check line wrapping,pending,pending,0,
FAR,far-003,1.1,"Conceptual Framework, Accounting Process and Presentation of",1,https://www.prc.gov.ph/sites/default/files/2022-30%20BOA%20TOS%20Final.pdf,Explain the objective and status of the Conceptual Framework together with the Qualitative Characteristics of Useful Financial Information,,pending,pending,0,
FAR,far-004,1.2,"Conceptual Framework, Accounting Process and Presentation of",1,https://www.prc.gov.ph/sites/default/files/2022-30%20BOA%20TOS%20Final.pdf,Explain the definition of recognition and derecognition criteria and measurement bases for the elements of the financial statements together with the concepts of capital and capital maintenance,,pending,pending,0,
FAR,far-005,2.1,"Conceptual Framework, Accounting Process and Presentation of",1,https://www.prc.gov.ph/sites/default/files/2022-30%20BOA%20TOS%20Final.pdf,"Summarize the steps in the accounting process, the use of the special journals, general journal, subsidiary ledgers and general ledgers and completing the accounting cycle, including use of worksheet, adjusting entries, closing entries and reversing entries",long label; check line wrapping,pending,pending,0,
FAR,far-006,3.1,"Conceptual Framework, Accounting Process and Presentation of",2,https://www.prc.gov.ph/sites/default/files/2022-30%20BOA%20TOS%20Final.pdf,"Apply the general features, describe the definition of elements and illustrate a classified statement of financial position",,pending,pending,0,
FAR,far-007,3.2,"Conceptual Framework, Accounting Process and Presentation of",2,https://www.prc.gov.ph/sites/default/files/2022-30%20BOA%20TOS%20Final.pdf,"Apply the general features, describe the nature and function of expense, describe the components of profit from continuing operations and the components of discontinued operations and illustrate the statement of comprehensive income together with the statement of changes in equity",long label; check line wrapping,pending,pending,0,
FAR,far-008,3.3,"Conceptual Framework, Accounting Process and Presentation of",2,https://www.prc.gov.ph/sites/default/files/2022-30%20BOA%20TOS%20Final.pdf,"Apply the general features, describe the sections and illustrate the statement of cash flows from operations both the direct and indirect methods",,pending,pending,0,
FAR,far-009,3.4,"Conceptual Framework, Accounting Process and Presentation of",2,https://www.prc.gov.ph/sites/default/files/2022-30%20BOA%20TOS%20Final.pdf,Prepare Notes to the Financial Statements,,pending,pending,0,
FAR,far-010,3.5,"Conceptual Framework, Accounting Process and Presentation of",2,https://www.prc.gov.ph/sites/default/files/2022-30%20BOA%20TOS%20Final.pdf,Compute and Disclose Basic and Diluted Earnings Per Share Information,,pending,pending,0,
FAR,far-011,1.1,Cash and other Financial Assets,2,https://www.prc.gov.ph/sites/default/files/2022-30%20BOA%20TOS%20Final.pdf,Describe the nature and composition of cash,,pending,pending,0,
FAR,far-012,1.2,Cash and other Financial Assets,2,https://www.prc.gov.ph/sites/default/files/2022-30%20BOA%20TOS%20Final.pdf,Prepare a bank reconciliation,short label; compare with source table,pending,pending,0,
FAR,far-013,1.3,Cash and other Financial Assets,2,https://www.prc.gov.ph/sites/default/files/2022-30%20BOA%20TOS%20Final.pdf,Apply the accounting for petty cash fund,,pending,pending,0,
FAR,far-014,2.1,Cash and other Financial Assets,2,https://www.prc.gov.ph/sites/default/files/2022-30%20BOA%20TOS%20Final.pdf,"Apply the recognition principles for financial assets at fair value through profit or loss, recognition principles for financial assets at fair value through other comprehensive income and recognition principles for financial assets at amortized cost",long label; check line wrapping,pending,pending,0,
FAR,far-015,2.2,Cash and other Financial Assets,2,https://www.prc.gov.ph/sites/default/files/2022-30%20BOA%20TOS%20Final.pdf,"Measure trade and other receivables including valuation using allowance for doubtful accounts and transfer of receivables (pledging, assignment and factoring)",,pending,pending,0,
FAR,far-016,2.3,Cash and other Financial Assets,2,https://www.prc.gov.ph/sites/default/files/2022-30%20BOA%20TOS%20Final.pdf,Measure other financial assets at amortized cost (including investment in bonds),,pending,pending,0,
FAR,far-017,2.4,Cash and other Financial Assets,2,https://www.prc.gov.ph/sites/default/files/2022-30%20BOA%20TOS%20Final.pdf,Discuss investment in associates and joint venture,,pending,pending,0,
FAR,far-018,1.1,Non-financial Assets,2,https://www.prc.gov.ph/sites/default/files/2022-30%20BOA%20TOS%20Final.pdf,"Describe the nature and determine the capitalizable cost at initial recognition; and, apply inventory cost flow assumptions and subsequent measurement at lower of cost or estimated selling price less cost to complete and sell",,pending,pending,0,
FAR,far-019,1.2,Non-financial Assets,2,https://www.prc.gov.ph/sites/default/files/2022-30%20BOA%20TOS%20Final.pdf,Apply estimation procedures – gross profit and retail inventory method,,pending,pending,0,
FAR,far-020,2.1,Non-financial Assets,3,https://www.prc.gov.ph/sites/default/files/2022-30%20BOA%20TOS%20Final.pdf,Describe the nature and determine capitalizable cost at initial recognition; and measure borrowing costs,,pending,pending,0,
FAR,far-021,2.2,Non-financial Assets,3,https://www.prc.gov.ph/sites/default/files/2022-30%20BOA%20TOS%20Final.pdf,"Identify subsequent expenditures and apply subsequent measurement based on cost with consideration on depreciation, depreciation methods and changes in useful life and depreciation methods",,pending,pending,0,
FAR,far-022,2.3,Non-financial Assets,3,https://www.prc.gov.ph/sites/default/files/2022-30%20BOA%20TOS%20Final.pdf,Determine Revaluation and Impairment and account for retirement and disposals,,pending,pending,0,
FAR,far-023,3.1,Non-financial Assets,3,https://www.prc.gov.ph/sites/default/files/2022-30%20BOA%20TOS%20Final.pdf,"Describe the nature, determine capitalizable cost at initial recognition, apply measurement subsequent to initial recognition using cost method and fair value method and account for derecognition and reclassification",,pending,pending,0,
FAR,far-024,4.1,Non-financial Assets,3,https://www.prc.gov.ph/sites/default/files/2022-30%20BOA%20TOS%20Final.pdf,"Describe the nature, determine capitalizable cost at initial recognition, identify subsequent expenditures, apply subsequent measurements for finite lives assets – amortization and indefinite lives assets, determine impairment and account for derecognition",long label; check line wrapping,pending,pending,0,
FAR,far-025,5.1,Non-financial Assets,3,https://www.prc.gov.ph/sites/default/files/2022-30%20BOA%20TOS%20Final.pdf,"Describe the nature, distinction from bearer plants and agricultural produce, determine capitalizable cost at initial recognition and apply subsequent measurement",,pending,pending,0,
FAR,far-026,6.1,Non-financial Assets,3,https://www.prc.gov.ph/sites/default/files/2022-30%20BOA%20TOS%20Final.pdf,"Describe the nature – criteria for this classification, determine capitalizable cost at initial recognition, apply measurement subsequent to initial recognition and account for Reclassification and Derecognition",,pending,pending,0,
FAR,far-027,7.1,Non-financial Assets,3,https://www.prc.gov.ph/sites/default/files/2022-30%20BOA%20TOS%20Final.pdf,Describe and measure prepaid expenses and other assets,,pending,pending,0,
FAR,far-028,1.1,Financial Liabilities,3,https://www.prc.gov.ph/sites/default/files/2022-30%20BOA%20TOS%20Final.pdf,Identify the classification of financial liabilities and measure initial recognition,,pending,pending,0,
FAR,far-029,1.2,Financial Liabilities,3,https://www.prc.gov.ph/sites/default/files/2022-30%20BOA%20TOS%20Final.pdf,Account for debt issue cost,short label; compare with source table,pending,pending,0,
FAR,far-030,1.3,Financial Liabilities,3,https://www.prc.gov.ph/sites/default/files/2022-30%20BOA%20TOS%20Final.pdf,Illustrate measuring using effective interest method,,pending,pending,0,
FAR,far-031,1.4,Financial Liabilities,3,https://www.prc.gov.ph/sites/default/files/2022-30%20BOA%20TOS%20Final.pdf,Illustrate troubled debt restructuring,short label; compare with source table,pending,pending,0,
FAR,far-032,1.1,"Non-financial liabilities, provisions and contingencies",4,https://www.prc.gov.ph/sites/default/files/2022-30%20BOA%20TOS%20Final.pdf,Account for liabilities arising from customer loyalty programs,,pending,pending,0,
FAR,far-033,1.2,"Non-financial liabilities, provisions and contingencies",4,https://www.prc.gov.ph/sites/default/files/2022-30%20BOA%20TOS%20Final.pdf,Illustrate warranties and product guarantees,,pending,pending,0,
FAR,far-034,1.3,"Non-financial liabilities, provisions and contingencies",4,https://www.prc.gov.ph/sites/default/files/2022-30%20BOA%20TOS%20Final.pdf,"Explain unearned revenues arising from contracts, gift certificates, and subscriptions",,pending,pending,0,
FAR,far-035,1.4,"Non-financial liabilities, provisions and contingencies",4,https://www.prc.gov.ph/sites/default/files/2022-30%20BOA%20TOS%20Final.pdf,Describe other provisions and contingencies,,pending,pending,0,
FAR,far-036,1.1,Shareholders’ Equity,4,https://www.prc.gov.ph/sites/default/files/2022-30%20BOA%20TOS%20Final.pdf,Discuss initial issuance and stock issuance cost,,pending,pending,0,
FAR,far-037,1.2,Shareholders’ Equity,4,https://www.prc.gov.ph/sites/default/files/2022-30%20BOA%20TOS%20Final.pdf,Account for treasury share transactions,short label; compare with source table,pending,pending,0,
FAR,far-038,1.3,Shareholders’ Equity,4,https://www.prc.gov.ph/sites/default/files/2022-30%20BOA%20TOS%20Final.pdf,"Account for the retirement, conversion",short label; compare with source table,pending,pending,0,
FAR,far-039,2.1,Shareholders’ Equity,4,https://www.prc.gov.ph/sites/default/files/2022-30%20BOA%20TOS%20Final.pdf,Carry out correction of prior period errors and change in accounting policies,,pending,pending,0,
FAR,far-040,2.2,Shareholders’ Equity,4,https://www.prc.gov.ph/sites/default/files/2022-30%20BOA%20TOS%20Final.pdf,Compute dividends,short label; compare with source table,pending,pending,0,
FAR,far-041,2.3,Shareholders’ Equity,4,https://www.prc.gov.ph/sites/default/files/2022-30%20BOA%20TOS%20Final.pdf,Apply the recognition principles for quasi reorganization and recapitalization,,pending,pending,0,
FAR,far-042,3.1,Shareholders’ Equity,4,https://www.prc.gov.ph/sites/default/files/2022-30%20BOA%20TOS%20Final.pdf,Describe cumulative other comprehensive income,,pending,pending,0,
FAR,far-043,4.1,Shareholders’ Equity,4,https://www.prc.gov.ph/sites/default/files/2022-30%20BOA%20TOS%20Final.pdf,Compute book value per share,short label; compare with source table,pending,pending,0,
FAR,far-044,1.1,Other Topics,4,https://www.prc.gov.ph/sites/default/files/2022-30%20BOA%20TOS%20Final.pdf,"Describe and account for share-based payment transactions for Equity-settled, Cash-settled and Equity-settled with cash alternative",,pending,pending,0,
FAR,far-045,2.1,Other Topics,4,https://www.prc.gov.ph/sites/default/files/2022-30%20BOA%20TOS%20Final.pdf,"Account for the initial recognition of right-of-use asset and lease liability on the books of the lessee, determine subsequent measurement of right-of-use asset and lease liability (including changes in estimates)",,pending,pending,0,
FAR,far-046,2.2,Other Topics,4,https://www.prc.gov.ph/sites/default/files/2022-30%20BOA%20TOS%20Final.pdf,Describe financial statement presentation of right-of-use asset and lease liability on the books of the lessee and discuss exemption to recognition and measurement principles,,pending,pending,0,
FAR,far-047,2.3,Other Topics,4,https://www.prc.gov.ph/sites/default/files/2022-30%20BOA%20TOS%20Final.pdf,"Account for direct finance lease, manufacturer’s or dealer’s lease and operating lease",,pending,pending,0,
FAR,far-048,2.4,Other Topics,4,https://www.prc.gov.ph/sites/default/files/2022-30%20BOA%20TOS%20Final.pdf,Account for sale-leaseback,short label; compare with source table,pending,pending,0,
FAR,far-049,3.1,Other Topics,4,https://www.prc.gov.ph/sites/default/files/2022-30%20BOA%20TOS%20Final.pdf,Measure accounting profit and taxable profit and explain book basis and tax basis,,pending,pending,0,
FAR,far-050,3.2,Other Topics,5,https://www.prc.gov.ph/sites/default/files/2022-30%20BOA%20TOS%20Final.pdf,"Compute and record the accounting for current income tax and deferred income tax, deferred tax liability (asset) and current income tax liability (asset) and illustrate financial statement presentation and disclosure",,pending,pending,0,
FAR,far-051,4.1,Other Topics,5,https://www.prc.gov.ph/sites/default/files/2022-30%20BOA%20TOS%20Final.pdf,"Describe the nature and classification, apply the recognition and measurement of employee benefit costs under defined benefit plan and defined contribution plan and illustrate the presentation and disclosures",,pending,pending,0,
FAR,far-052,5.1,Other Topics,5,https://www.prc.gov.ph/sites/default/files/2022-30%20BOA%20TOS%20Final.pdf,"Describe the purpose and components of interim financial reports and apply the recognition of income, expenses, assets and liabilities for interim reporting",,pending,pending,0,
FAR,far-053,6.1,Other Topics,5,https://www.prc.gov.ph/sites/default/files/2022-30%20BOA%20TOS%20Final.pdf,Identify operating segments and reporting segment information,,pending,pending,0,
FAR,far-054,1.1,Other Reporting Frameworks,5,https://www.prc.gov.ph/sites/default/files/2022-30%20BOA%20TOS%20Final.pdf,"Describe and illustrate the applicability and salient differences from PFRS of the following reporting frameworks: PFRS for SMEs, PFRS for Small Entities and Reporting for microenterprises",,pending,pending,0,
AFAR,afar-001,1.1.1,Core syllabus,6,https://www.prc.gov.ph/sites/default/files/2022-30%20BOA%20TOS%20Final.pdf,"Describe the nature, scope, and objectives of partnership accounting and conceptually differentiate it from single proprietorship and corporation accounting",,pending,pending,0,
AFAR,afar-002,1.1.2,Core syllabus,6,https://www.prc.gov.ph/sites/default/files/2022-30%20BOA%20TOS%20Final.pdf,"Describe the concepts, principles, rules, practices, and procedures applicable in partnership accounting",,pending,pending,0,
AFAR,afar-003,1.2.1,Core syllabus,6,https://www.prc.gov.ph/sites/default/files/2022-30%20BOA%20TOS%20Final.pdf,Compute and account for the initial capital contribution of the partners in the partnership,,pending,pending,0,
AFAR,afar-004,1.3,Core syllabus,6,https://www.prc.gov.ph/sites/default/files/2022-30%20BOA%20TOS%20Final.pdf,"Operations, Dissolutions, and Changes in Ownership of Interest of the Partners Compute, account, and allocate the changes in the capital balances of the partners as a result of:",label ends with a colon; check missing continuation,pending,pending,0,
AFAR,afar-005,1.4,Core syllabus,6,https://www.prc.gov.ph/sites/default/files/2022-30%20BOA%20TOS%20Final.pdf,Liquidation of Partnership Compute the amount of settlement to the partners after liquidating the partnership under:,label ends with a colon; check missing continuation,pending,pending,0,
AFAR,afar-006,2.4,Core syllabus,7,https://www.prc.gov.ph/sites/default/files/2022-30%20BOA%20TOS%20Final.pdf,Determine the order of priority of the claimants to the company assets of a corporation subject to liquidation,,pending,pending,0,
AFAR,afar-007,3.1.1,Core syllabus,7,https://www.prc.gov.ph/sites/default/files/2022-30%20BOA%20TOS%20Final.pdf,Describe the nature and scope of joint operations,,pending,pending,0,
AFAR,afar-008,3.1.2,Core syllabus,7,https://www.prc.gov.ph/sites/default/files/2022-30%20BOA%20TOS%20Final.pdf,Differentiate Joint Operations from Business Combinations,,pending,pending,0,
AFAR,afar-009,3.1.3,Core syllabus,7,https://www.prc.gov.ph/sites/default/files/2022-30%20BOA%20TOS%20Final.pdf,"Apply the standards, principles, and methods in accounting for joint operation transactions",,pending,pending,0,
AFAR,afar-010,3.2.1,Core syllabus,7,https://www.prc.gov.ph/sites/default/files/2022-30%20BOA%20TOS%20Final.pdf,Describe the nature and scope of joint ventures,,pending,pending,0,
AFAR,afar-011,3.2.2,Core syllabus,7,https://www.prc.gov.ph/sites/default/files/2022-30%20BOA%20TOS%20Final.pdf,Differentiate Joint Venture from Business Combinations,,pending,pending,0,
AFAR,afar-012,3.2.3,Core syllabus,7,https://www.prc.gov.ph/sites/default/files/2022-30%20BOA%20TOS%20Final.pdf,"Apply the standards, principles, and methods in accounting for joint venture transactions",,pending,pending,0,
AFAR,afar-013,1,Core syllabus,8,https://www.prc.gov.ph/sites/default/files/2022-30%20BOA%20TOS%20Final.pdf,Recognize revenue from contracts with customers,,pending,pending,0,
AFAR,afar-014,4.1.1,Core syllabus,8,https://www.prc.gov.ph/sites/default/files/2022-30%20BOA%20TOS%20Final.pdf,Describe the Five-steps model framework,short label; compare with source table,pending,pending,0,
AFAR,afar-015,4.1.2.9.1,Core syllabus,8,https://www.prc.gov.ph/sites/default/files/2022-30%20BOA%20TOS%20Final.pdf,"Prepare journal entries and determine revenue, costs, and gross profit under:",label ends with a colon; check missing continuation,pending,pending,0,
AFAR,afar-016,4.1.2.9.2,Core syllabus,9,https://www.prc.gov.ph/sites/default/files/2022-30%20BOA%20TOS%20Final.pdf,Determine the amount of Contract Asset/Contract Liabilities based on the performance obligation,,pending,pending,0,
AFAR,afar-017,4.1.2.10.1,Core syllabus,9,https://www.prc.gov.ph/sites/default/files/2022-30%20BOA%20TOS%20Final.pdf,"Determine the amount of revenue, costs, and gross profit for:",label ends with a colon; check missing continuation,pending,pending,0,
AFAR,afar-018,4.1.2.11.1,Core syllabus,9,https://www.prc.gov.ph/sites/default/files/2022-30%20BOA%20TOS%20Final.pdf,Prepare journal entries to record the sale of merchandise by the consignee to third parties and its remittance to the consignor,,pending,pending,0,
AFAR,afar-019,4.1.2.11.2,Core syllabus,9,https://www.prc.gov.ph/sites/default/files/2022-30%20BOA%20TOS%20Final.pdf,Solve for the value of ending inventory,short label; compare with source table,pending,pending,0,
AFAR,afar-020,4.1.3,Core syllabus,9,https://www.prc.gov.ph/sites/default/files/2022-30%20BOA%20TOS%20Final.pdf,Solve for the amount to be presented in the Financial Statement,,pending,pending,0,
AFAR,afar-021,1,Core syllabus,9,https://www.prc.gov.ph/sites/default/files/2022-30%20BOA%20TOS%20Final.pdf,Prepare journal entries for transactions on the books of the Home Office and the Branch applying,,pending,pending,0,
AFAR,afar-022,5.2,Core syllabus,9,https://www.prc.gov.ph/sites/default/files/2022-30%20BOA%20TOS%20Final.pdf,Compute and reconcile reciprocal accounts,,pending,pending,0,
AFAR,afar-023,5.3,Core syllabus,9,https://www.prc.gov.ph/sites/default/files/2022-30%20BOA%20TOS%20Final.pdf,Prepare individual and combined financial statements,,pending,pending,0,
AFAR,afar-024,5.4,Core syllabus,9,https://www.prc.gov.ph/sites/default/files/2022-30%20BOA%20TOS%20Final.pdf,Determine the impact in the Financial Statements of agency transactions,,pending,pending,0,
AFAR,afar-025,6.1,Core syllabus,9,https://www.prc.gov.ph/sites/default/files/2022-30%20BOA%20TOS%20Final.pdf,"Describe the nature, scope, and characteristics of a business combination transactions",,pending,pending,0,
AFAR,afar-026,6.2.4,Core syllabus,10,https://www.prc.gov.ph/sites/default/files/2022-30%20BOA%20TOS%20Final.pdf,Prepare journal entries in the books of the acquirer,,pending,pending,0,
AFAR,afar-027,1,Core syllabus,10,https://www.prc.gov.ph/sites/default/files/2022-30%20BOA%20TOS%20Final.pdf,"Determine the carrying amount of Investment in subsidiaries, associates, joint ventures and its effect on the profit or loss applying the following methods:",label ends with a colon; check missing continuation,pending,pending,0,
AFAR,afar-028,7.2,Core syllabus,10,https://www.prc.gov.ph/sites/default/files/2022-30%20BOA%20TOS%20Final.pdf,"Determine the treatment of dividends and their related disclosures in applying the accounting policies in the Investment of subsidiaries, associates, and joint ventures",,pending,pending,0,
AFAR,afar-029,1,Core syllabus,10,https://www.prc.gov.ph/sites/default/files/2022-30%20BOA%20TOS%20Final.pdf,Determine the consolidation procedures and the amount to be presented in the financial statements relating to:,label ends with a colon; check missing continuation,pending,pending,0,
AFAR,afar-030,8.1.3,Core syllabus,10,https://www.prc.gov.ph/sites/default/files/2022-30%20BOA%20TOS%20Final.pdf,Determine the amount of:,short label; compare with source table; label ends with a colon; check missing continuation,pending,pending,0,
AFAR,afar-031,1,Core syllabus,10,https://www.prc.gov.ph/sites/default/files/2022-30%20BOA%20TOS%20Final.pdf,"Identify the criteria for initial recognition, subsequent measurement, and de-recognition of derivatives",,pending,pending,0,
AFAR,afar-032,9.1.1,Core syllabus,10,https://www.prc.gov.ph/sites/default/files/2022-30%20BOA%20TOS%20Final.pdf,Determine the number of derivatives to be recognized in the financial statements and consideration of fair value measurement to it,,pending,pending,0,
AFAR,afar-033,9.1.2,Core syllabus,10,https://www.prc.gov.ph/sites/default/files/2022-30%20BOA%20TOS%20Final.pdf,Identify the types of derivative and determine the values of,,pending,pending,0,
AFAR,afar-034,9.2,Core syllabus,11,https://www.prc.gov.ph/sites/default/files/2022-30%20BOA%20TOS%20Final.pdf,Determine the impact or effect of hedging transactions in the investor's point of view under:,label ends with a colon; check missing continuation,pending,pending,0,
AFAR,afar-060,10.0.1,Translation of Foreign Currency Financial Statements (PAS 21 / PAS 29),11,https://www.prc.gov.ph/sites/default/files/2022-30%20BOA%20TOS%20Final.pdf,Translate from the Functional Currency into the Presentation Currency using closing/current rate method,,pending,pending,0,
AFAR,afar-061,10.0.2,Translation of Foreign Currency Financial Statements (PAS 21 / PAS 29),11,https://www.prc.gov.ph/sites/default/files/2022-30%20BOA%20TOS%20Final.pdf,Translate into Functional Currency (Remeasurement from Foreign Currency Financial Statements to the Functional Currency),,pending,pending,0,
AFAR,afar-062,10.0.3,Translation of Foreign Currency Financial Statements (PAS 21 / PAS 29),11,https://www.prc.gov.ph/sites/default/files/2022-30%20BOA%20TOS%20Final.pdf,Restate the Financial Statements (Functional Currency of a Hyperinflationary Economy),,pending,pending,0,
AFAR,afar-035,11.0,Core syllabus,11,https://www.prc.gov.ph/sites/default/files/2022-30%20BOA%20TOS%20Final.pdf,Not-for-Profit Organizations Describe the nature of business transactions and financial reporting implications of:,label ends with a colon; check missing continuation,pending,pending,0,
AFAR,afar-036,1,Core syllabus,11,https://www.prc.gov.ph/sites/default/files/2022-30%20BOA%20TOS%20Final.pdf,Describe the basic concepts in Government Accounting,,pending,pending,0,
AFAR,afar-037,2,Core syllabus,11,https://www.prc.gov.ph/sites/default/files/2022-30%20BOA%20TOS%20Final.pdf,Identify the procedures in government budgeting,,pending,pending,0,
AFAR,afar-038,12.3,Core syllabus,12,https://www.prc.gov.ph/sites/default/files/2022-30%20BOA%20TOS%20Final.pdf,Identify the accounting policies under the Government Accounting Manual (GAM),,pending,pending,0,
AFAR,afar-039,12.4,Core syllabus,12,https://www.prc.gov.ph/sites/default/files/2022-30%20BOA%20TOS%20Final.pdf,Prepare Journal Entries (Books of National Government Agency),,pending,pending,0,
AFAR,afar-040,1,Core syllabus,12,https://www.prc.gov.ph/sites/default/files/2022-30%20BOA%20TOS%20Final.pdf,Describe the system of cost accumulation or costing system,,pending,pending,0,
AFAR,afar-041,13.1.1,Core syllabus,12,https://www.prc.gov.ph/sites/default/files/2022-30%20BOA%20TOS%20Final.pdf,"Differentiate actual costing, normal costing, and standard costing",,pending,pending,0,
AFAR,afar-042,13.2.1,Core syllabus,12,https://www.prc.gov.ph/sites/default/files/2022-30%20BOA%20TOS%20Final.pdf,Record transactions using a job order costing procedures,,pending,pending,0,
AFAR,afar-043,13.2.2,Core syllabus,12,https://www.prc.gov.ph/sites/default/files/2022-30%20BOA%20TOS%20Final.pdf,Compute Cost of Goods Manufactured and Sold,,pending,pending,0,
AFAR,afar-044,13.2.3,Core syllabus,12,https://www.prc.gov.ph/sites/default/files/2022-30%20BOA%20TOS%20Final.pdf,Account for spoiled units and rework costs,,pending,pending,0,
AFAR,afar-045,13.2.4,Core syllabus,12,https://www.prc.gov.ph/sites/default/files/2022-30%20BOA%20TOS%20Final.pdf,"Describe the cost accumulation procedures for materials, labor, and overhead",,pending,pending,0,
AFAR,afar-046,13.3.1,Core syllabus,12,https://www.prc.gov.ph/sites/default/files/2022-30%20BOA%20TOS%20Final.pdf,Record transactions using a process costing procedures,,pending,pending,0,
AFAR,afar-047,13.3.2,Core syllabus,12,https://www.prc.gov.ph/sites/default/files/2022-30%20BOA%20TOS%20Final.pdf,Determine cost of production under,short label; compare with source table,pending,pending,0,
AFAR,afar-048,13.3.3,Core syllabus,12,https://www.prc.gov.ph/sites/default/files/2022-30%20BOA%20TOS%20Final.pdf,"Account for lost units in scraps, wastes, spoilages, and reworks",,pending,pending,0,
AFAR,afar-049,13.4.2,Core syllabus,12,https://www.prc.gov.ph/sites/default/files/2022-30%20BOA%20TOS%20Final.pdf,Prepare the journal entries,short label; compare with source table,pending,pending,0,
AFAR,afar-050,13.4.1,Core syllabus,12,https://www.prc.gov.ph/sites/default/files/2022-30%20BOA%20TOS%20Final.pdf,"Determine cost of materials, labor, and overhead to be backflushed to finished goods",,pending,pending,0,
AFAR,afar-051,13.5.2,Core syllabus,12,https://www.prc.gov.ph/sites/default/files/2022-30%20BOA%20TOS%20Final.pdf,Compute total manufacturing cost and cost per unit using ABC and Traditional costing,,pending,pending,0,
AFAR,afar-052,13.5.3,Core syllabus,12,https://www.prc.gov.ph/sites/default/files/2022-30%20BOA%20TOS%20Final.pdf,"Apply the concepts of activity levels, cost pools, and activity drivers",,pending,pending,0,
AFAR,afar-053,13.5.4,Core syllabus,12,https://www.prc.gov.ph/sites/default/files/2022-30%20BOA%20TOS%20Final.pdf,Determine cost pool rates and their application to overhead costs,,pending,pending,0,
AFAR,afar-054,13.6.1,Core syllabus,13,https://www.prc.gov.ph/sites/default/files/2022-30%20BOA%20TOS%20Final.pdf,Compute and allocate joint (common) costs at the point of slit-off using:,label ends with a colon; check missing continuation,pending,pending,0,
AFAR,afar-055,14.1.1,Core syllabus,13,https://www.prc.gov.ph/sites/default/files/2022-30%20BOA%20TOS%20Final.pdf,Identify the different types of insurance contracts,,pending,pending,0,
AFAR,afar-056,14.1.2,Core syllabus,13,https://www.prc.gov.ph/sites/default/files/2022-30%20BOA%20TOS%20Final.pdf,Apply changes in Accounting Policies,short label; compare with source table,pending,pending,0,
AFAR,afar-057,14.1.3,Core syllabus,13,https://www.prc.gov.ph/sites/default/files/2022-30%20BOA%20TOS%20Final.pdf,Recognize and measure insurance and reinsurance contracts,,pending,pending,0,
AFAR,afar-058,14.2.1.1,Core syllabus,13,https://www.prc.gov.ph/sites/default/files/2022-30%20BOA%20TOS%20Final.pdf,Determine the value of financial assets,short label; compare with source table,pending,pending,0,
AFAR,afar-059,14.2.1.2,Core syllabus,13,https://www.prc.gov.ph/sites/default/files/2022-30%20BOA%20TOS%20Final.pdf,Determine the value of intangible assets,,pending,pending,0,
MAS,mas-001,1,Management Accounting,14,https://www.prc.gov.ph/sites/default/files/2022-30%20BOA%20TOS%20Final.pdf,"Describe the objectives, role and scope of management accounting and differentiate it from financial accounting, roles and activities of controller and treasurer, international certifications in management accounting and global trends in management accounting",long label; check line wrapping,pending,pending,0,
MAS,mas-002,2.1,Management Accounting,14,https://www.prc.gov.ph/sites/default/files/2022-30%20BOA%20TOS%20Final.pdf,"Identify and differentiate the different types of costs (e.g., direct, indirect; fixed, variable; inventoriable, period; opportunity cost, sunk cost) and their characteristics and behavior; utilize cost behavior segregation and cost behavior prediction techniques to determine their usefulness in cost planning and financial and management reporting",long label; check line wrapping,pending,pending,0,
MAS,mas-003,2.2,Management Accounting,14,https://www.prc.gov.ph/sites/default/files/2022-30%20BOA%20TOS%20Final.pdf,"Analyze the relationship of costs, volume, and sales to calculate break-even points and target profit (CVP Analysis) under various scenarios. Apply sensitivity analysis including determination of indifference point. Apply the concepts of margin of safety and degree of operating leverage. Analyze CVP relationships in multi-product companies",long label; check line wrapping,pending,pending,0,
MAS,mas-004,2.3,Management Accounting,14,https://www.prc.gov.ph/sites/default/files/2022-30%20BOA%20TOS%20Final.pdf,Apply the concept of traditional and activity-based costing in:,label ends with a colon; check missing continuation,pending,pending,0,
MAS,mas-005,2.3.6,Management Accounting,14,https://www.prc.gov.ph/sites/default/files/2022-30%20BOA%20TOS%20Final.pdf,Determine cost pool rates and overhead allocation,,pending,pending,0,
MAS,mas-006,2.4.1,Management Accounting,14,https://www.prc.gov.ph/sites/default/files/2022-30%20BOA%20TOS%20Final.pdf,Describe the budgeting process,short label; compare with source table,pending,pending,0,
MAS,mas-007,2.4.2,Management Accounting,14,https://www.prc.gov.ph/sites/default/files/2022-30%20BOA%20TOS%20Final.pdf,"Prepare a master budget by analyzing the behavior of revenues and costs and use it to calculate and prepare different types of supporting budgets (e.g., production, inventory levels, operating expenses, cash budget) for planning and control purposes",long label; check line wrapping,pending,pending,0,
MAS,mas-008,2.5,Management Accounting,14,https://www.prc.gov.ph/sites/default/files/2022-30%20BOA%20TOS%20Final.pdf,"Apply the concept of standard costing and variance analysis in planning and control in terms of cost, sales, and gross profit variations. Apply appropriate techniques in",,pending,pending,0,
MAS,mas-009,3.1,Management Accounting,15,https://www.prc.gov.ph/sites/default/files/2022-30%20BOA%20TOS%20Final.pdf,"Identify and differentiate the different types of responsibility centers (i.e., profit center, cost center, investment center) and determine the proper accounting of transactions affecting each one. Determine the proper use of transfer pricing in measuring the performance of business operations",long label; check line wrapping,pending,pending,0,
MAS,mas-010,3.2,Management Accounting,15,https://www.prc.gov.ph/sites/default/files/2022-30%20BOA%20TOS%20Final.pdf,"Identify and differentiate the four perspectives of the balanced scorecard and formulate performance indicators to evaluate, monitor and improve business performance",,pending,pending,0,
MAS,mas-011,4.1,Management Accounting,15,https://www.prc.gov.ph/sites/default/files/2022-30%20BOA%20TOS%20Final.pdf,Identify and use appropriate relevant costs in making analysis and business decision for short-term non routine scenarios. Understand and apply the concept of opportunity costs,,pending,pending,0,
MAS,mas-012,4.2,Management Accounting,15,https://www.prc.gov.ph/sites/default/files/2022-30%20BOA%20TOS%20Final.pdf,"Determine the key elements of capital budgeting investment decisions (net investment, operating cash flow and cost of capital) and evaluate the same using both discounted and non-discounted cash flow techniques",,pending,pending,0,
MAS,mas-013,1,Financial Management,15,https://www.prc.gov.ph/sites/default/files/2022-30%20BOA%20TOS%20Final.pdf,"Identify and describe the nature, objectives, and scope of financial management in making business decisions",,pending,pending,0,
MAS,mas-014,2,Financial Management,15,https://www.prc.gov.ph/sites/default/files/2022-30%20BOA%20TOS%20Final.pdf,Analyze and use financial data derived from financial statements in evaluating the performance of the management and make business decisions,,pending,pending,0,
MAS,mas-015,3,Financial Management,15,https://www.prc.gov.ph/sites/default/files/2022-30%20BOA%20TOS%20Final.pdf,"Apply different working capital (cash, receivables, inventory, and other short-term resources) management methods and techniques in making short-term business decisions",,pending,pending,0,
MAS,mas-016,4,Financial Management,15,https://www.prc.gov.ph/sites/default/files/2022-30%20BOA%20TOS%20Final.pdf,"Determine the key elements of capital budgeting investment decisions (net investment, operating cash flow and cost of capital) and evaluate the same using both discounted and non discounted cash flow techniques",,pending,pending,0,
MAS,mas-017,5,Financial Management,15,https://www.prc.gov.ph/sites/default/files/2022-30%20BOA%20TOS%20Final.pdf,"Apply the concept of risk and leverage. Understand and analyze situations involving the types of risks, measures of risks and degree of operating, financial and total leverage. Distinguish the different types and measurement of risks and apply their relationships with the rate of returns. Identify and apply various risk measurement models",long label; check line wrapping,pending,pending,0,
MAS,mas-018,6,Financial Management,15,https://www.prc.gov.ph/sites/default/files/2022-30%20BOA%20TOS%20Final.pdf,Utilize various techniques in managing capital structure and in dealing with long-term financing decisions. Identify and apply the basic concepts and tools of capital structure management sources of intermediate and long-term financing and cost of capital,long label; check line wrapping,pending,pending,0,
MAS,mas-019,7,Financial Management,15,https://www.prc.gov.ph/sites/default/files/2022-30%20BOA%20TOS%20Final.pdf,"Understand the workings of the Philippine stock exchange and other houses. Understand the various types of financial markets (money market, capital market and derivatives market) Apply valuation techniques for various types of derivatives (forwards, futures and options)",long label; check line wrapping,pending,pending,0,
MAS,mas-020,1,Economic Concepts Essential to Obtaining an Understanding of Entity’s Business and,16,https://www.prc.gov.ph/sites/default/files/2022-30%20BOA%20TOS%20Final.pdf,"Identify and describe the basic concepts of macroeconomics that are relevant in making business decisions, and apply the concepts properly",,pending,pending,0,
MAS,mas-021,2,Economic Concepts Essential to Obtaining an Understanding of Entity’s Business and,16,https://www.prc.gov.ph/sites/default/files/2022-30%20BOA%20TOS%20Final.pdf,"Identify and describe the basic concepts of microeconomics that are relevant in making business decisions, and apply the concepts properly",,pending,pending,0,
AUD,aud-001,1.1.1,AUDITING THEORY,17,https://www.prc.gov.ph/sites/default/files/2022-30%20BOA%20TOS%20Final.pdf,"Discuss the nature, objective and elements",,pending,pending,0,
AUD,aud-002,1.1.2,AUDITING THEORY,17,https://www.prc.gov.ph/sites/default/files/2022-30%20BOA%20TOS%20Final.pdf,"Identify the types of assurance engagements (audits, reviews, other assurance engagements)",,pending,pending,0,
AUD,aud-003,1.2.1,AUDITING THEORY,17,https://www.prc.gov.ph/sites/default/files/2022-30%20BOA%20TOS%20Final.pdf,"Discuss the nature, philosophy, and objectives",,pending,pending,0,
AUD,aud-004,1.2.2,AUDITING THEORY,17,https://www.prc.gov.ph/sites/default/files/2022-30%20BOA%20TOS%20Final.pdf,Differentiate the types of audits,short label; compare with source table,pending,pending,0,
AUD,aud-005,2.1,AUDITING THEORY,18,https://www.prc.gov.ph/sites/default/files/2022-30%20BOA%20TOS%20Final.pdf,Explain the overview of the risk-based audit process,,pending,pending,0,
AUD,aud-006,2.2,AUDITING THEORY,18,https://www.prc.gov.ph/sites/default/files/2022-30%20BOA%20TOS%20Final.pdf,Illustrate and explain the pre-engagement procedures,,pending,pending,0,
AUD,aud-007,2.3,AUDITING THEORY,18,https://www.prc.gov.ph/sites/default/files/2022-30%20BOA%20TOS%20Final.pdf,Explain the scope and purposes of audit planning,,pending,pending,0,
AUD,aud-008,2.3.1,AUDITING THEORY,18,https://www.prc.gov.ph/sites/default/files/2022-30%20BOA%20TOS%20Final.pdf,Identify and discuss the essential planning procedures,,pending,pending,0,
AUD,aud-009,2.4,AUDITING THEORY,18,https://www.prc.gov.ph/sites/default/files/2022-30%20BOA%20TOS%20Final.pdf,"Perform the direction, supervision, and review",,pending,pending,0,
AUD,aud-010,3.1,AUDITING THEORY,18,https://www.prc.gov.ph/sites/default/files/2022-30%20BOA%20TOS%20Final.pdf,"Describe and discuss the industry, regulatory and other external factors, including the applicable financial reporting framework",,pending,pending,0,
AUD,aud-011,3.1.1,AUDITING THEORY,18,https://www.prc.gov.ph/sites/default/files/2022-30%20BOA%20TOS%20Final.pdf,Describe the nature of the entity,short label; compare with source table,pending,pending,0,
AUD,aud-012,3.1.2,AUDITING THEORY,18,https://www.prc.gov.ph/sites/default/files/2022-30%20BOA%20TOS%20Final.pdf,Discuss the objectives and strategies and related business risks,,pending,pending,0,
AUD,aud-013,3.1.3,AUDITING THEORY,18,https://www.prc.gov.ph/sites/default/files/2022-30%20BOA%20TOS%20Final.pdf,Describe and discuss the measurement and review of the entity’s financial performance,,pending,pending,0,
AUD,aud-014,3.2,AUDITING THEORY,18,https://www.prc.gov.ph/sites/default/files/2022-30%20BOA%20TOS%20Final.pdf,Discuss and explain Internal Control,short label; compare with source table,pending,pending,0,
AUD,aud-015,3.2.1,AUDITING THEORY,18,https://www.prc.gov.ph/sites/default/files/2022-30%20BOA%20TOS%20Final.pdf,Identify and explain the basic concepts and elements of internal control,,pending,pending,0,
AUD,aud-016,3.2.2,AUDITING THEORY,18,https://www.prc.gov.ph/sites/default/files/2022-30%20BOA%20TOS%20Final.pdf,Identify and discuss consideration of accounting and internal control systems,,pending,pending,0,
AUD,aud-017,3.3,AUDITING THEORY,18,https://www.prc.gov.ph/sites/default/files/2022-30%20BOA%20TOS%20Final.pdf,"Identify, discuss, and assess the risks of material misstatement",,pending,pending,0,
AUD,aud-018,3.4,AUDITING THEORY,19,https://www.prc.gov.ph/sites/default/files/2022-30%20BOA%20TOS%20Final.pdf,Discuss and communicate the risks of material misstatement with those charged with governance and management,,pending,pending,0,
AUD,aud-019,4.1,AUDITING THEORY,19,https://www.prc.gov.ph/sites/default/files/2022-30%20BOA%20TOS%20Final.pdf,Describe and discuss the nature and significance,,pending,pending,0,
AUD,aud-020,4.2,AUDITING THEORY,19,https://www.prc.gov.ph/sites/default/files/2022-30%20BOA%20TOS%20Final.pdf,Identify the evidential matters,short label; compare with source table,pending,pending,0,
AUD,aud-021,4.3,AUDITING THEORY,19,https://www.prc.gov.ph/sites/default/files/2022-30%20BOA%20TOS%20Final.pdf,Perform the audit procedures/techniques including audit selection,,pending,pending,0,
AUD,aud-022,4.4,AUDITING THEORY,19,https://www.prc.gov.ph/sites/default/files/2022-30%20BOA%20TOS%20Final.pdf,Prepare audit working papers,repeated wording; verify section context; short label; compare with source table,pending,pending,0,
AUD,aud-023,5.1,AUDITING THEORY,19,https://www.prc.gov.ph/sites/default/files/2022-30%20BOA%20TOS%20Final.pdf,Discuss the completion of the audit and audit report preparation,,pending,pending,0,
AUD,aud-024,5.1.1,AUDITING THEORY,19,https://www.prc.gov.ph/sites/default/files/2022-30%20BOA%20TOS%20Final.pdf,Describe the analytical procedures for overall review,,pending,pending,0,
AUD,aud-025,5.1.2,AUDITING THEORY,19,https://www.prc.gov.ph/sites/default/files/2022-30%20BOA%20TOS%20Final.pdf,Determine related party transactions,short label; compare with source table,pending,pending,0,
AUD,aud-026,5.1.3,AUDITING THEORY,19,https://www.prc.gov.ph/sites/default/files/2022-30%20BOA%20TOS%20Final.pdf,Discuss subsequent events review,short label; compare with source table,pending,pending,0,
AUD,aud-027,5.1.4,AUDITING THEORY,19,https://www.prc.gov.ph/sites/default/files/2022-30%20BOA%20TOS%20Final.pdf,Discuss the assessment of going concern assumption,,pending,pending,0,
AUD,aud-028,5.1.5,AUDITING THEORY,19,https://www.prc.gov.ph/sites/default/files/2022-30%20BOA%20TOS%20Final.pdf,Explain how to obtain client’s representation letter,,pending,pending,0,
AUD,aud-029,5.1.6,AUDITING THEORY,19,https://www.prc.gov.ph/sites/default/files/2022-30%20BOA%20TOS%20Final.pdf,"Discuss and describe how to evaluate findings, formulate an opinion, and draft the audit report",,pending,pending,0,
AUD,aud-030,5.2,AUDITING THEORY,19,https://www.prc.gov.ph/sites/default/files/2022-30%20BOA%20TOS%20Final.pdf,Identify and discuss post-audit responsibilities,,pending,pending,0,
AUD,aud-031,5.2.1,AUDITING THEORY,19,https://www.prc.gov.ph/sites/default/files/2022-30%20BOA%20TOS%20Final.pdf,Discuss subsequent discovery of facts,short label; compare with source table,pending,pending,0,
AUD,aud-032,5.2.2,AUDITING THEORY,19,https://www.prc.gov.ph/sites/default/files/2022-30%20BOA%20TOS%20Final.pdf,Discuss subsequent discovery of omitted procedures,,pending,pending,0,
AUD,aud-033,6.1,AUDITING THEORY,19,https://www.prc.gov.ph/sites/default/files/2022-30%20BOA%20TOS%20Final.pdf,Illustrate an unqualified auditor’s report,,pending,pending,0,
AUD,aud-034,6.2,AUDITING THEORY,19,https://www.prc.gov.ph/sites/default/files/2022-30%20BOA%20TOS%20Final.pdf,Explain the basic elements of the unqualified auditor’s report,,pending,pending,0,
AUD,aud-035,6.3,AUDITING THEORY,19,https://www.prc.gov.ph/sites/default/files/2022-30%20BOA%20TOS%20Final.pdf,Describe a modified auditor’s opinion report,,pending,pending,0,
AUD,aud-036,6.3.1,AUDITING THEORY,19,https://www.prc.gov.ph/sites/default/files/2022-30%20BOA%20TOS%20Final.pdf,Identify matters that do not affect the auditor’s opinion,,pending,pending,0,
AUD,aud-037,6.3.2,AUDITING THEORY,19,https://www.prc.gov.ph/sites/default/files/2022-30%20BOA%20TOS%20Final.pdf,Identify matters that do affect the auditor’s opinion,,pending,pending,0,
AUD,aud-038,6.4,AUDITING THEORY,19,https://www.prc.gov.ph/sites/default/files/2022-30%20BOA%20TOS%20Final.pdf,Prepare and discuss report on comparatives,,pending,pending,0,
AUD,aud-039,6.5,AUDITING THEORY,19,https://www.prc.gov.ph/sites/default/files/2022-30%20BOA%20TOS%20Final.pdf,Identify key audit matters,short label; compare with source table,pending,pending,0,
AUD,aud-040,7.1,AUDITING THEORY,19,https://www.prc.gov.ph/sites/default/files/2022-30%20BOA%20TOS%20Final.pdf,Describe and identify the Internal Control in a CIS environment,,pending,pending,0,
AUD,aud-041,7.2,AUDITING THEORY,20,https://www.prc.gov.ph/sites/default/files/2022-30%20BOA%20TOS%20Final.pdf,"Discuss, describe, and identify the basic approach to the audit of CIS environment",,pending,pending,0,
AUD,aud-042,7.3,AUDITING THEORY,20,https://www.prc.gov.ph/sites/default/files/2022-30%20BOA%20TOS%20Final.pdf,Describe and discuss how to audit new technologies,,pending,pending,0,
AUD,aud-043,8.1,AUDITING THEORY,20,https://www.prc.gov.ph/sites/default/files/2022-30%20BOA%20TOS%20Final.pdf,Identify and describe the procedures and reports on special purpose audit engagements,,pending,pending,0,
AUD,aud-044,8.1.1,AUDITING THEORY,20,https://www.prc.gov.ph/sites/default/files/2022-30%20BOA%20TOS%20Final.pdf,Discuss the general considerations,short label; compare with source table,pending,pending,0,
AUD,aud-045,8.1.2,AUDITING THEORY,20,https://www.prc.gov.ph/sites/default/files/2022-30%20BOA%20TOS%20Final.pdf,Discuss the audit of financial statements prepared in accordance with a comprehensive basis of accounting other than GAAP in the Philippines,,pending,pending,0,
AUD,aud-046,8.1.3,AUDITING THEORY,20,https://www.prc.gov.ph/sites/default/files/2022-30%20BOA%20TOS%20Final.pdf,Describe the audit of a component of financial statements,,pending,pending,0,
AUD,aud-047,8.1.4,AUDITING THEORY,20,https://www.prc.gov.ph/sites/default/files/2022-30%20BOA%20TOS%20Final.pdf,Describe the reports on compliance with contractual agreements,,pending,pending,0,
AUD,aud-048,8.1.5,AUDITING THEORY,20,https://www.prc.gov.ph/sites/default/files/2022-30%20BOA%20TOS%20Final.pdf,Describe the reports on summarized financial statements,,pending,pending,0,
AUD,aud-049,8.2,AUDITING THEORY,20,https://www.prc.gov.ph/sites/default/files/2022-30%20BOA%20TOS%20Final.pdf,Discuss attestation and related services,,pending,pending,0,
AUD,aud-050,8.2.1,AUDITING THEORY,20,https://www.prc.gov.ph/sites/default/files/2022-30%20BOA%20TOS%20Final.pdf,Discuss the examination of prospective financial information,,pending,pending,0,
AUD,aud-051,8.2.2,AUDITING THEORY,20,https://www.prc.gov.ph/sites/default/files/2022-30%20BOA%20TOS%20Final.pdf,Describe engagements to review financial statements,,pending,pending,0,
AUD,aud-052,8.2.3,AUDITING THEORY,20,https://www.prc.gov.ph/sites/default/files/2022-30%20BOA%20TOS%20Final.pdf,Describe engagements to perform agreed upon procedures regarding financial information,,pending,pending,0,
AUD,aud-053,8.2.4,AUDITING THEORY,20,https://www.prc.gov.ph/sites/default/files/2022-30%20BOA%20TOS%20Final.pdf,Describe engagements to prepare or compile financial information,,pending,pending,0,
AUD,aud-054,8.2.5,AUDITING THEORY,20,https://www.prc.gov.ph/sites/default/files/2022-30%20BOA%20TOS%20Final.pdf,Describe and discuss service organization controls and the service of auditor’s report,,pending,pending,0,
AUD,aud-055,8.2.6,AUDITING THEORY,20,https://www.prc.gov.ph/sites/default/files/2022-30%20BOA%20TOS%20Final.pdf,Identify and discuss engagements performed in accordance with other criteria,,pending,pending,0,
AUD,aud-056,8.3,AUDITING THEORY,20,https://www.prc.gov.ph/sites/default/files/2022-30%20BOA%20TOS%20Final.pdf,Describe the role of CPAs in rendering other services (aside from auditing and attestation),,pending,pending,0,
AUD,aud-057,1.1,AUDITING PRACTICE,21,https://www.prc.gov.ph/sites/default/files/2022-30%20BOA%20TOS%20Final.pdf,Discuss corporate governance,short label; compare with source table,pending,pending,0,
AUD,aud-058,1.2,AUDITING PRACTICE,21,https://www.prc.gov.ph/sites/default/files/2022-30%20BOA%20TOS%20Final.pdf,Identify and discuss the ethical standards and responsibilities of professional accountants,,pending,pending,0,
AUD,aud-059,1.3,AUDITING PRACTICE,21,https://www.prc.gov.ph/sites/default/files/2022-30%20BOA%20TOS%20Final.pdf,Describe and discuss the system of quality management,,pending,pending,0,
AUD,aud-060,1.4,AUDITING PRACTICE,21,https://www.prc.gov.ph/sites/default/files/2022-30%20BOA%20TOS%20Final.pdf,"Determine and discuss the regulatory requirements related to the practice, accreditation, and regulation of public accounting and auditing services",,pending,pending,0,
AUD,aud-061,2.1,AUDITING PRACTICE,21,https://www.prc.gov.ph/sites/default/files/2022-30%20BOA%20TOS%20Final.pdf,Explain the overview of Risk-based audit,,pending,pending,0,
AUD,aud-062,2.2,AUDITING PRACTICE,21,https://www.prc.gov.ph/sites/default/files/2022-30%20BOA%20TOS%20Final.pdf,Explain the overview of risk assessment,short label; compare with source table,pending,pending,0,
AUD,aud-063,2.3,AUDITING PRACTICE,21,https://www.prc.gov.ph/sites/default/files/2022-30%20BOA%20TOS%20Final.pdf,Perform the preliminary activities,short label; compare with source table,pending,pending,0,
AUD,aud-064,2.3.1,AUDITING PRACTICE,21,https://www.prc.gov.ph/sites/default/files/2022-30%20BOA%20TOS%20Final.pdf,Discuss the engagement acceptance and continuance,,pending,pending,0,
AUD,aud-065,2.4,AUDITING PRACTICE,21,https://www.prc.gov.ph/sites/default/files/2022-30%20BOA%20TOS%20Final.pdf,Prepare and discuss the audit plan,short label; compare with source table,pending,pending,0,
AUD,aud-066,2.4.1,AUDITING PRACTICE,21,https://www.prc.gov.ph/sites/default/files/2022-30%20BOA%20TOS%20Final.pdf,Describe Overall audit strategy,short label; compare with source table,pending,pending,0,
AUD,aud-067,2.4.2,AUDITING PRACTICE,21,https://www.prc.gov.ph/sites/default/files/2022-30%20BOA%20TOS%20Final.pdf,Determine and apply the use of materiality,,pending,pending,0,
AUD,aud-068,2.4.4.6,AUDITING PRACTICE,21,https://www.prc.gov.ph/sites/default/files/2022-30%20BOA%20TOS%20Final.pdf,Record to report,short label; compare with source table,pending,pending,0,
AUD,aud-069,2.5,AUDITING PRACTICE,22,https://www.prc.gov.ph/sites/default/files/2022-30%20BOA%20TOS%20Final.pdf,Perform risk assessment procedures entity wide and business process level,,pending,pending,0,
AUD,aud-070,2.5.1,AUDITING PRACTICE,22,https://www.prc.gov.ph/sites/default/files/2022-30%20BOA%20TOS%20Final.pdf,Identify and assess inherent risks,short label; compare with source table,pending,pending,0,
AUD,aud-071,2.5.2,AUDITING PRACTICE,22,https://www.prc.gov.ph/sites/default/files/2022-30%20BOA%20TOS%20Final.pdf,Identify objectives and key risks,short label; compare with source table,pending,pending,0,
AUD,aud-072,2.5.3,AUDITING PRACTICE,22,https://www.prc.gov.ph/sites/default/files/2022-30%20BOA%20TOS%20Final.pdf,Describe and explain internal control,short label; compare with source table,pending,pending,0,
AUD,aud-073,2.5.4,AUDITING PRACTICE,22,https://www.prc.gov.ph/sites/default/files/2022-30%20BOA%20TOS%20Final.pdf,Evaluate internal control,short label; compare with source table,pending,pending,0,
AUD,aud-074,3.1,AUDITING PRACTICE,22,https://www.prc.gov.ph/sites/default/files/2022-30%20BOA%20TOS%20Final.pdf,Explain the overview of risk response,short label; compare with source table,pending,pending,0,
AUD,aud-075,3.3,AUDITING PRACTICE,22,https://www.prc.gov.ph/sites/default/files/2022-30%20BOA%20TOS%20Final.pdf,Determine the extent of testing,short label; compare with source table,pending,pending,0,
AUD,aud-076,3.4.1,AUDITING PRACTICE,22,https://www.prc.gov.ph/sites/default/files/2022-30%20BOA%20TOS%20Final.pdf,Prepare audit working papers,repeated wording; verify section context; short label; compare with source table,pending,pending,0,
AUD,aud-077,3.4.2,AUDITING PRACTICE,22,https://www.prc.gov.ph/sites/default/files/2022-30%20BOA%20TOS%20Final.pdf,Prepare analysis worksheets,short label; compare with source table,pending,pending,0,
AUD,aud-078,3.5,AUDITING PRACTICE,22,https://www.prc.gov.ph/sites/default/files/2022-30%20BOA%20TOS%20Final.pdf,Prepare written representations,short label; compare with source table,pending,pending,0,
AUD,aud-079,4.1,AUDITING PRACTICE,22,https://www.prc.gov.ph/sites/default/files/2022-30%20BOA%20TOS%20Final.pdf,Discuss the overview of reporting the audit,,pending,pending,0,
AUD,aud-080,4.2,AUDITING PRACTICE,22,https://www.prc.gov.ph/sites/default/files/2022-30%20BOA%20TOS%20Final.pdf,Perform audit evidence evaluation,short label; compare with source table,pending,pending,0,
AUD,aud-081,4.3.1,AUDITING PRACTICE,22,https://www.prc.gov.ph/sites/default/files/2022-30%20BOA%20TOS%20Final.pdf,Determine the criteria and quality of communication,,pending,pending,0,
AUD,aud-082,4.4,AUDITING PRACTICE,22,https://www.prc.gov.ph/sites/default/files/2022-30%20BOA%20TOS%20Final.pdf,Prepare the audit report,short label; compare with source table,pending,pending,0,
AUD,aud-083,4.4.1,AUDITING PRACTICE,22,https://www.prc.gov.ph/sites/default/files/2022-30%20BOA%20TOS%20Final.pdf,Perform any modification to the auditor’s report,,pending,pending,0,
AUD,aud-084,4.4.2,AUDITING PRACTICE,22,https://www.prc.gov.ph/sites/default/files/2022-30%20BOA%20TOS%20Final.pdf,Determine the need of Emphasis of matter and other matter paragraphs,,pending,pending,0,
AUD,aud-085,4.4.3,AUDITING PRACTICE,22,https://www.prc.gov.ph/sites/default/files/2022-30%20BOA%20TOS%20Final.pdf,Prepare comparative information,short label; compare with source table,pending,pending,0,
AUD,aud-086,4.5,AUDITING PRACTICE,22,https://www.prc.gov.ph/sites/default/files/2022-30%20BOA%20TOS%20Final.pdf,Perform monitoring and closing of the engagement,,pending,pending,0,
RFBT,rfbt-001,1.1,Law on Business Transactions,23,https://www.prc.gov.ph/sites/default/files/2022-30%20BOA%20TOS%20Final.pdf,Describe obligations,short label; compare with source table,pending,pending,0,
RFBT,rfbt-002,1.1.1,Law on Business Transactions,23,https://www.prc.gov.ph/sites/default/files/2022-30%20BOA%20TOS%20Final.pdf,Apply the sources of obligations and their concepts,,pending,pending,0,
RFBT,rfbt-003,1.1.2,Law on Business Transactions,23,https://www.prc.gov.ph/sites/default/files/2022-30%20BOA%20TOS%20Final.pdf,Compare and apply the kinds of Obligations,,pending,pending,0,
RFBT,rfbt-004,1.1.3,Law on Business Transactions,23,https://www.prc.gov.ph/sites/default/files/2022-30%20BOA%20TOS%20Final.pdf,Describe the specific circumstances affecting obligations in general,,pending,pending,0,
RFBT,rfbt-005,1.1.4,Law on Business Transactions,23,https://www.prc.gov.ph/sites/default/files/2022-30%20BOA%20TOS%20Final.pdf,Discuss the nature and effects of Obligations,,pending,pending,0,
RFBT,rfbt-006,1.1.5,Law on Business Transactions,24,https://www.prc.gov.ph/sites/default/files/2022-30%20BOA%20TOS%20Final.pdf,Distinguish the extinguishment of obligation with special emphasis,,pending,pending,0,
RFBT,rfbt-007,1.1.5.3,Law on Business Transactions,24,https://www.prc.gov.ph/sites/default/files/2022-30%20BOA%20TOS%20Final.pdf,Apply the special forms or mode of payment,,pending,pending,0,
RFBT,rfbt-008,2.1.1,Law on Business Transactions,24,https://www.prc.gov.ph/sites/default/files/2022-30%20BOA%20TOS%20Final.pdf,Describe contracts,short label; compare with source table,pending,pending,0,
RFBT,rfbt-009,2.1.2,Law on Business Transactions,24,https://www.prc.gov.ph/sites/default/files/2022-30%20BOA%20TOS%20Final.pdf,Discuss the classification of contracts,short label; compare with source table,pending,pending,0,
RFBT,rfbt-010,2.1.3,Law on Business Transactions,24,https://www.prc.gov.ph/sites/default/files/2022-30%20BOA%20TOS%20Final.pdf,Identify the stages of contract,short label; compare with source table,pending,pending,0,
RFBT,rfbt-011,2.1.5,Law on Business Transactions,24,https://www.prc.gov.ph/sites/default/files/2022-30%20BOA%20TOS%20Final.pdf,Identify who are persons bound,short label; compare with source table,pending,pending,0,
RFBT,rfbt-012,2.2,Law on Business Transactions,24,https://www.prc.gov.ph/sites/default/files/2022-30%20BOA%20TOS%20Final.pdf,Apply the essential requisites of contracts,,pending,pending,0,
RFBT,rfbt-013,2.3,Law on Business Transactions,24,https://www.prc.gov.ph/sites/default/files/2022-30%20BOA%20TOS%20Final.pdf,Determine the forms of contracts,short label; compare with source table,pending,pending,0,
RFBT,rfbt-014,2.4,Law on Business Transactions,24,https://www.prc.gov.ph/sites/default/files/2022-30%20BOA%20TOS%20Final.pdf,Discuss the reformation of instruments/contracts,,pending,pending,0,
RFBT,rfbt-015,2.5,Law on Business Transactions,24,https://www.prc.gov.ph/sites/default/files/2022-30%20BOA%20TOS%20Final.pdf,Discuss the interpretation of contracts,short label; compare with source table,pending,pending,0,
RFBT,rfbt-016,2.6,Law on Business Transactions,24,https://www.prc.gov.ph/sites/default/files/2022-30%20BOA%20TOS%20Final.pdf,Discuss and apply the defective contracts,,pending,pending,0,
RFBT,rfbt-017,3,Law on Business Transactions,24,https://www.prc.gov.ph/sites/default/files/2022-30%20BOA%20TOS%20Final.pdf,"Sales Describe the nature, forms and requisites of sales",,pending,pending,0,
RFBT,rfbt-018,3.2,Law on Business Transactions,24,https://www.prc.gov.ph/sites/default/files/2022-30%20BOA%20TOS%20Final.pdf,Distinguish earnest money from option money,,pending,pending,0,
RFBT,rfbt-019,3.3,Law on Business Transactions,24,https://www.prc.gov.ph/sites/default/files/2022-30%20BOA%20TOS%20Final.pdf,Determine the rights/obligations of vendor and vendee,,pending,pending,0,
RFBT,rfbt-020,3.4,Law on Business Transactions,24,https://www.prc.gov.ph/sites/default/files/2022-30%20BOA%20TOS%20Final.pdf,Describe the warranties of sales,short label; compare with source table,pending,pending,0,
RFBT,rfbt-021,3.5,Law on Business Transactions,24,https://www.prc.gov.ph/sites/default/files/2022-30%20BOA%20TOS%20Final.pdf,Discuss and apply installment sales,short label; compare with source table,pending,pending,0,
RFBT,rfbt-022,3.6,Law on Business Transactions,25,https://www.prc.gov.ph/sites/default/files/2022-30%20BOA%20TOS%20Final.pdf,Discuss the extinguishment of a contract of sale,,pending,pending,0,
RFBT,rfbt-023,3.7,Law on Business Transactions,25,https://www.prc.gov.ph/sites/default/files/2022-30%20BOA%20TOS%20Final.pdf,Apply Legal Redemption on sales,short label; compare with source table,pending,pending,0,
RFBT,rfbt-024,4.1,Law on Business Transactions,25,https://www.prc.gov.ph/sites/default/files/2022-30%20BOA%20TOS%20Final.pdf,"Discuss and apply Pledge, Real Mortgage and Chattel Mortgage on:",label ends with a colon; check missing continuation,pending,pending,0,
RFBT,rfbt-025,4.2,Law on Business Transactions,25,https://www.prc.gov.ph/sites/default/files/2022-30%20BOA%20TOS%20Final.pdf,Describe the requirements to bind the parties and third persons,,pending,pending,0,
RFBT,rfbt-026,4.3,Law on Business Transactions,25,https://www.prc.gov.ph/sites/default/files/2022-30%20BOA%20TOS%20Final.pdf,Identify the obligations and rights of pledgor and pledgee,,pending,pending,0,
RFBT,rfbt-027,4.4,Law on Business Transactions,25,https://www.prc.gov.ph/sites/default/files/2022-30%20BOA%20TOS%20Final.pdf,Identify the obligations and rights of mortgagor and mortgagee,,pending,pending,0,
RFBT,rfbt-028,4.5,Law on Business Transactions,25,https://www.prc.gov.ph/sites/default/files/2022-30%20BOA%20TOS%20Final.pdf,Apply the modes of extinguishment,short label; compare with source table,pending,pending,0,
RFBT,rfbt-029,1,Bouncing Checks,25,https://www.prc.gov.ph/sites/default/files/2022-30%20BOA%20TOS%20Final.pdf,Discuss and apply the requisites to be liable under BP 22,,pending,pending,0,
RFBT,rfbt-030,2,Bouncing Checks,25,https://www.prc.gov.ph/sites/default/files/2022-30%20BOA%20TOS%20Final.pdf,Compare Bouncing checks with Estafa (Art. 315 {2] (d),,pending,pending,0,
RFBT,rfbt-031,1,Consumer Protection,25,https://www.prc.gov.ph/sites/default/files/2022-30%20BOA%20TOS%20Final.pdf,Explain the consumer product quality and safety,,pending,pending,0,
RFBT,rfbt-032,2,Consumer Protection,25,https://www.prc.gov.ph/sites/default/files/2022-30%20BOA%20TOS%20Final.pdf,Illustrate the different deceptive sales acts and practices,,pending,pending,0,
RFBT,rfbt-033,3,Consumer Protection,25,https://www.prc.gov.ph/sites/default/files/2022-30%20BOA%20TOS%20Final.pdf,Describe product service and warranty,short label; compare with source table,pending,pending,0,
RFBT,rfbt-034,4,Consumer Protection,25,https://www.prc.gov.ph/sites/default/files/2022-30%20BOA%20TOS%20Final.pdf,Illustrate labelling and packaging,short label; compare with source table,pending,pending,0,
RFBT,rfbt-035,5,Consumer Protection,25,https://www.prc.gov.ph/sites/default/files/2022-30%20BOA%20TOS%20Final.pdf,Apply consumer rights,short label; compare with source table,pending,pending,0,
RFBT,rfbt-036,1,Financial Rehabilitation and Insolvency,25,https://www.prc.gov.ph/sites/default/files/2022-30%20BOA%20TOS%20Final.pdf,Discuss the definition of terms,repeated wording; verify section context; short label; compare with source table,pending,pending,0,
RFBT,rfbt-037,3,Financial Rehabilitation and Insolvency,25,https://www.prc.gov.ph/sites/default/files/2022-30%20BOA%20TOS%20Final.pdf,Discuss and apply rehabilitation on:,short label; compare with source table; label ends with a colon; check missing continuation,pending,pending,0,
RFBT,rfbt-038,4,Financial Rehabilitation and Insolvency,25,https://www.prc.gov.ph/sites/default/files/2022-30%20BOA%20TOS%20Final.pdf,Discuss and apply liquidation on:,short label; compare with source table; label ends with a colon; check missing continuation,pending,pending,0,
RFBT,rfbt-039,1,Philippine Competition Act,26,https://www.prc.gov.ph/sites/default/files/2022-30%20BOA%20TOS%20Final.pdf,Discuss the definition and scope of application,,pending,pending,0,
RFBT,rfbt-040,2,Philippine Competition Act,26,https://www.prc.gov.ph/sites/default/files/2022-30%20BOA%20TOS%20Final.pdf,Elaborate and apply prohibited acts,short label; compare with source table,pending,pending,0,
RFBT,rfbt-041,3,Philippine Competition Act,26,https://www.prc.gov.ph/sites/default/files/2022-30%20BOA%20TOS%20Final.pdf,Illustrate and apply covered transactions,,pending,pending,0,
RFBT,rfbt-042,1,Government Procurement Law,26,https://www.prc.gov.ph/sites/default/files/2022-30%20BOA%20TOS%20Final.pdf,Explain the general principles,short label; compare with source table,pending,pending,0,
RFBT,rfbt-043,2,Government Procurement Law,26,https://www.prc.gov.ph/sites/default/files/2022-30%20BOA%20TOS%20Final.pdf,Discuss the scope and application,short label; compare with source table,pending,pending,0,
RFBT,rfbt-044,3,Government Procurement Law,26,https://www.prc.gov.ph/sites/default/files/2022-30%20BOA%20TOS%20Final.pdf,Discuss the definition of terms,repeated wording; verify section context; short label; compare with source table,pending,pending,0,
RFBT,rfbt-045,4,Government Procurement Law,26,https://www.prc.gov.ph/sites/default/files/2022-30%20BOA%20TOS%20Final.pdf,Discuss and apply the procurement procedures,,pending,pending,0,
RFBT,rfbt-046,5,Government Procurement Law,26,https://www.prc.gov.ph/sites/default/files/2022-30%20BOA%20TOS%20Final.pdf,Explain the Disclosure of relations,short label; compare with source table,pending,pending,0,
RFBT,rfbt-047,1.1,Law on Business Organization,26,https://www.prc.gov.ph/sites/default/files/2022-30%20BOA%20TOS%20Final.pdf,Describe the nature and distinguish it from corporation,,pending,pending,0,
RFBT,rfbt-048,1.1.1,Law on Business Organization,26,https://www.prc.gov.ph/sites/default/files/2022-30%20BOA%20TOS%20Final.pdf,Discuss the kinds of partnerships,short label; compare with source table,pending,pending,0,
RFBT,rfbt-049,1.1.2,Law on Business Organization,26,https://www.prc.gov.ph/sites/default/files/2022-30%20BOA%20TOS%20Final.pdf,Determine the formalities required,short label; compare with source table,pending,pending,0,
RFBT,rfbt-050,1.1.3,Law on Business Organization,26,https://www.prc.gov.ph/sites/default/files/2022-30%20BOA%20TOS%20Final.pdf,Discuss the rules of management,short label; compare with source table,pending,pending,0,
RFBT,rfbt-051,1.1.4,Law on Business Organization,26,https://www.prc.gov.ph/sites/default/files/2022-30%20BOA%20TOS%20Final.pdf,Determine the obligations of partners,short label; compare with source table,pending,pending,0,
RFBT,rfbt-052,1.1.4.3,Law on Business Organization,26,https://www.prc.gov.ph/sites/default/files/2022-30%20BOA%20TOS%20Final.pdf,Identify the rights of a partner,short label; compare with source table,pending,pending,0,
RFBT,rfbt-053,1.1.4.4,Law on Business Organization,26,https://www.prc.gov.ph/sites/default/files/2022-30%20BOA%20TOS%20Final.pdf,Illustrate the sharing of profits and losses,,pending,pending,0,
RFBT,rfbt-054,1.1.4.5,Law on Business Organization,26,https://www.prc.gov.ph/sites/default/files/2022-30%20BOA%20TOS%20Final.pdf,Explain the dissolution and winding up,short label; compare with source table,pending,pending,0,
RFBT,rfbt-055,1.1.4.6,Law on Business Organization,27,https://www.prc.gov.ph/sites/default/files/2022-30%20BOA%20TOS%20Final.pdf,Explain and apply limited partnership,short label; compare with source table,pending,pending,0,
RFBT,rfbt-056,1.1.5.1,Law on Business Organization,27,https://www.prc.gov.ph/sites/default/files/2022-30%20BOA%20TOS%20Final.pdf,Describe a corporation,short label; compare with source table,pending,pending,0,
RFBT,rfbt-057,1.1.5.2,Law on Business Organization,27,https://www.prc.gov.ph/sites/default/files/2022-30%20BOA%20TOS%20Final.pdf,Discuss the classes of corporations,short label; compare with source table,pending,pending,0,
RFBT,rfbt-058,1.1.5.3,Law on Business Organization,27,https://www.prc.gov.ph/sites/default/files/2022-30%20BOA%20TOS%20Final.pdf,Illustrate the nationality of corporations,,pending,pending,0,
RFBT,rfbt-059,1.1.5.4,Law on Business Organization,27,https://www.prc.gov.ph/sites/default/files/2022-30%20BOA%20TOS%20Final.pdf,Apply the doctrines on corporate juridical personality,,pending,pending,0,
RFBT,rfbt-060,1.1.5.5,Law on Business Organization,27,https://www.prc.gov.ph/sites/default/files/2022-30%20BOA%20TOS%20Final.pdf,Describe the capital structure,short label; compare with source table,pending,pending,0,
RFBT,rfbt-061,1.1.5.6,Law on Business Organization,27,https://www.prc.gov.ph/sites/default/files/2022-30%20BOA%20TOS%20Final.pdf,Discuss the process of incorporation and organization,,pending,pending,0,
RFBT,rfbt-062,1.1.5.7,Law on Business Organization,28,https://www.prc.gov.ph/sites/default/files/2022-30%20BOA%20TOS%20Final.pdf,Explain and discuss the corporate powers of corporations,,pending,pending,0,
RFBT,rfbt-063,1.1.5.8,Law on Business Organization,28,https://www.prc.gov.ph/sites/default/files/2022-30%20BOA%20TOS%20Final.pdf,Discuss and explain the rights of stockholders and members,,pending,pending,0,
RFBT,rfbt-064,1.1.6.2,Law on Business Organization,29,https://www.prc.gov.ph/sites/default/files/2022-30%20BOA%20TOS%20Final.pdf,Discuss and explain the role of the Board of directors and trustees,,pending,pending,0,
RFBT,rfbt-065,1.1.6.3,Law on Business Organization,29,https://www.prc.gov.ph/sites/default/files/2022-30%20BOA%20TOS%20Final.pdf,Describe the capital affairs of corporations,,pending,pending,0,
RFBT,rfbt-066,1.1.6.3.6,Law on Business Organization,29,https://www.prc.gov.ph/sites/default/files/2022-30%20BOA%20TOS%20Final.pdf,Elaborate and identify corporate books and records,,pending,pending,0,
RFBT,rfbt-067,1.1.6.4,Law on Business Organization,29,https://www.prc.gov.ph/sites/default/files/2022-30%20BOA%20TOS%20Final.pdf,Apply the modes and methods of dissolution and liquidation,,pending,pending,0,
RFBT,rfbt-068,1.1.6.5,Law on Business Organization,30,https://www.prc.gov.ph/sites/default/files/2022-30%20BOA%20TOS%20Final.pdf,Distinguish how other corporations operate,,pending,pending,0,
RFBT,rfbt-069,1.1.6.5.4,Law on Business Organization,30,https://www.prc.gov.ph/sites/default/files/2022-30%20BOA%20TOS%20Final.pdf,Illustrate and apply how one person corporations is organized/operate,,pending,pending,0,
RFBT,rfbt-070,1.1.6.5.5,Law on Business Organization,30,https://www.prc.gov.ph/sites/default/files/2022-30%20BOA%20TOS%20Final.pdf,Describe and apply how foreign corporations are organized/operate,,pending,pending,0,
RFBT,rfbt-071,1.1.6.6.1,Law on Business Organization,30,https://www.prc.gov.ph/sites/default/files/2022-30%20BOA%20TOS%20Final.pdf,Discuss the definition and concept,short label; compare with source table,pending,pending,0,
RFBT,rfbt-072,1.1.6.6.2,Law on Business Organization,30,https://www.prc.gov.ph/sites/default/files/2022-30%20BOA%20TOS%20Final.pdf,Distinguish: constituent and consolidated corporation,,pending,pending,0,
RFBT,rfbt-073,1.1.6.6.3,Law on Business Organization,30,https://www.prc.gov.ph/sites/default/files/2022-30%20BOA%20TOS%20Final.pdf,Illustrate the plan of merger or consolidation,,pending,pending,0,
RFBT,rfbt-074,1.1.6.6.4,Law on Business Organization,30,https://www.prc.gov.ph/sites/default/files/2022-30%20BOA%20TOS%20Final.pdf,Illustrate the articles of merger or consolidation,,pending,pending,0,
RFBT,rfbt-075,1.1.6.6.5,Law on Business Organization,30,https://www.prc.gov.ph/sites/default/files/2022-30%20BOA%20TOS%20Final.pdf,"Discuss the procedure, effectivity, limitations and effects",,pending,pending,0,
RFBT,rfbt-076,1.1.6.7.1,Law on Business Organization,30,https://www.prc.gov.ph/sites/default/files/2022-30%20BOA%20TOS%20Final.pdf,Explain the authority of Commissioner,short label; compare with source table,pending,pending,0,
RFBT,rfbt-077,1.1.6.7.2,Law on Business Organization,30,https://www.prc.gov.ph/sites/default/files/2022-30%20BOA%20TOS%20Final.pdf,Determine the sanctions for violations,short label; compare with source table,pending,pending,0,
RFBT,rfbt-078,1.1.6.7.3,Law on Business Organization,31,https://www.prc.gov.ph/sites/default/files/2022-30%20BOA%20TOS%20Final.pdf,Identify who are liable,short label; compare with source table,pending,pending,0,
RFBT,rfbt-079,1.1.6.7.4,Law on Business Organization,31,https://www.prc.gov.ph/sites/default/files/2022-30%20BOA%20TOS%20Final.pdf,Explain the authority of the Securities and Exchange Commission,,pending,pending,0,
RFBT,rfbt-080,1.1.6.8,Law on Business Organization,31,https://www.prc.gov.ph/sites/default/files/2022-30%20BOA%20TOS%20Final.pdf,Discuss and apply the principles and concepts of Corporate Governance for:,label ends with a colon; check missing continuation,pending,pending,0,
RFBT,rfbt-081,1.1.6.9,Law on Business Organization,31,https://www.prc.gov.ph/sites/default/files/2022-30%20BOA%20TOS%20Final.pdf,Discuss and Elaborate Securities on aspect of:,label ends with a colon; check missing continuation,pending,pending,0,
RFBT,rfbt-082,1.1.6.10,Law on Business Organization,31,https://www.prc.gov.ph/sites/default/files/2022-30%20BOA%20TOS%20Final.pdf,Apply the provisions of the Securities Regulation Code (SRC) Rule 68 on:,label ends with a colon; check missing continuation,pending,pending,0,
RFBT,rfbt-083,1.1.6.11,Law on Business Organization,31,https://www.prc.gov.ph/sites/default/files/2022-30%20BOA%20TOS%20Final.pdf,Apply SEC Issuances,short label; compare with source table,pending,pending,0,
RFBT,rfbt-084,1.1.7.1,Law on Business Organization,31,https://www.prc.gov.ph/sites/default/files/2022-30%20BOA%20TOS%20Final.pdf,Explain the concept of insurance,short label; compare with source table,pending,pending,0,
RFBT,rfbt-085,1.1.7.2,Law on Business Organization,31,https://www.prc.gov.ph/sites/default/files/2022-30%20BOA%20TOS%20Final.pdf,Explain the elements of an insurance contract,,pending,pending,0,
RFBT,rfbt-086,1.1.7.3,Law on Business Organization,31,https://www.prc.gov.ph/sites/default/files/2022-30%20BOA%20TOS%20Final.pdf,Discuss the characteristics and nature of insurance contracts,,pending,pending,0,
RFBT,rfbt-087,1.1.7.4,Law on Business Organization,31,https://www.prc.gov.ph/sites/default/files/2022-30%20BOA%20TOS%20Final.pdf,Discuss the classes of insurance,short label; compare with source table,pending,pending,0,
RFBT,rfbt-088,1.1.7.5,Law on Business Organization,31,https://www.prc.gov.ph/sites/default/files/2022-30%20BOA%20TOS%20Final.pdf,Describe variable contracts,short label; compare with source table,pending,pending,0,
RFBT,rfbt-089,1.1.7.6,Law on Business Organization,31,https://www.prc.gov.ph/sites/default/files/2022-30%20BOA%20TOS%20Final.pdf,Define and apply insurable interest,short label; compare with source table,pending,pending,0,
RFBT,rfbt-090,1.1.7.7,Law on Business Organization,31,https://www.prc.gov.ph/sites/default/files/2022-30%20BOA%20TOS%20Final.pdf,Illustrate the perfection of the contract of insurance,,pending,pending,0,
RFBT,rfbt-091,1.1.7.8,Law on Business Organization,31,https://www.prc.gov.ph/sites/default/files/2022-30%20BOA%20TOS%20Final.pdf,Apply rescission of insurance contracts,short label; compare with source table,pending,pending,0,
RFBT,rfbt-092,1.1.7.9,Law on Business Organization,31,https://www.prc.gov.ph/sites/default/files/2022-30%20BOA%20TOS%20Final.pdf,Discuss claims settlement and subrogation,,pending,pending,0,
RFBT,rfbt-093,1.1.8.1,Law on Business Organization,31,https://www.prc.gov.ph/sites/default/files/2022-30%20BOA%20TOS%20Final.pdf,Describe the organization and registration of cooperatives,,pending,pending,0,
RFBT,rfbt-094,1.1.8.2,Law on Business Organization,31,https://www.prc.gov.ph/sites/default/files/2022-30%20BOA%20TOS%20Final.pdf,Describe the administration of cooperatives,,pending,pending,0,
RFBT,rfbt-095,1.1.8.3,Law on Business Organization,31,https://www.prc.gov.ph/sites/default/files/2022-30%20BOA%20TOS%20Final.pdf,"Determine the responsibilities, rights, assurance and privileges of cooperatives",,pending,pending,0,
RFBT,rfbt-096,1.1.8.4,Law on Business Organization,32,https://www.prc.gov.ph/sites/default/files/2022-30%20BOA%20TOS%20Final.pdf,Describe and identify the memberships,short label; compare with source table,pending,pending,0,
RFBT,rfbt-097,1.1.8.5,Law on Business Organization,32,https://www.prc.gov.ph/sites/default/files/2022-30%20BOA%20TOS%20Final.pdf,"Determine the capital, property of funds",,pending,pending,0,
RFBT,rfbt-098,1.1.8.6,Law on Business Organization,32,https://www.prc.gov.ph/sites/default/files/2022-30%20BOA%20TOS%20Final.pdf,"Apply the audit, inquiry and members’ tight to examine",,pending,pending,0,
RFBT,rfbt-099,1.1.8.7,Law on Business Organization,32,https://www.prc.gov.ph/sites/default/files/2022-30%20BOA%20TOS%20Final.pdf,Apply and compute the allocation and distribution of funds,,pending,pending,0,
RFBT,rfbt-100,1.1.8.8,Law on Business Organization,32,https://www.prc.gov.ph/sites/default/files/2022-30%20BOA%20TOS%20Final.pdf,Distinguish the types and categories of cooperatives,,pending,pending,0,
RFBT,rfbt-101,1.1.8.9,Law on Business Organization,32,https://www.prc.gov.ph/sites/default/files/2022-30%20BOA%20TOS%20Final.pdf,Explain the merger and consolidation of cooperatives,,pending,pending,0,
RFBT,rfbt-102,1.1.8.10,Law on Business Organization,32,https://www.prc.gov.ph/sites/default/files/2022-30%20BOA%20TOS%20Final.pdf,Explain the dissolution of cooperatives,short label; compare with source table,pending,pending,0,
RFBT,rfbt-103,1.1,Law on Other Business Transactions,32,https://www.prc.gov.ph/sites/default/files/2022-30%20BOA%20TOS%20Final.pdf,Describe the insurable deposits,short label; compare with source table,pending,pending,0,
RFBT,rfbt-104,1.2,Law on Other Business Transactions,32,https://www.prc.gov.ph/sites/default/files/2022-30%20BOA%20TOS%20Final.pdf,Compute the maximum liability,short label; compare with source table,pending,pending,0,
RFBT,rfbt-105,1.3,Law on Other Business Transactions,32,https://www.prc.gov.ph/sites/default/files/2022-30%20BOA%20TOS%20Final.pdf,Identify the requirements for claims,short label; compare with source table,pending,pending,0,
RFBT,rfbt-106,2.1,Law on Other Business Transactions,32,https://www.prc.gov.ph/sites/default/files/2022-30%20BOA%20TOS%20Final.pdf,Explain the purpose,short label; compare with source table,pending,pending,0,
RFBT,rfbt-107,2.2,Law on Other Business Transactions,32,https://www.prc.gov.ph/sites/default/files/2022-30%20BOA%20TOS%20Final.pdf,Illustrate the Prohibited acts,short label; compare with source table,pending,pending,0,
RFBT,rfbt-108,2.3,Law on Other Business Transactions,32,https://www.prc.gov.ph/sites/default/files/2022-30%20BOA%20TOS%20Final.pdf,Discuss the types of deposits covered,short label; compare with source table,pending,pending,0,
RFBT,rfbt-109,2.4,Law on Other Business Transactions,32,https://www.prc.gov.ph/sites/default/files/2022-30%20BOA%20TOS%20Final.pdf,Apply the exceptions,short label; compare with source table,pending,pending,0,
RFBT,rfbt-110,2.5,Law on Other Business Transactions,32,https://www.prc.gov.ph/sites/default/files/2022-30%20BOA%20TOS%20Final.pdf,Explain garnishment of deposits including foreign deposits,,pending,pending,0,
RFBT,rfbt-111,3.1,Law on Other Business Transactions,32,https://www.prc.gov.ph/sites/default/files/2022-30%20BOA%20TOS%20Final.pdf,Describe the purpose,short label; compare with source table,pending,pending,0,
RFBT,rfbt-112,3.2,Law on Other Business Transactions,32,https://www.prc.gov.ph/sites/default/files/2022-30%20BOA%20TOS%20Final.pdf,Illustrate the obligation of creditors to persons to whom credit is extended,,pending,pending,0,
RFBT,rfbt-113,3.3,Law on Other Business Transactions,32,https://www.prc.gov.ph/sites/default/files/2022-30%20BOA%20TOS%20Final.pdf,Compare covered and excluded transactions,,pending,pending,0,
RFBT,rfbt-114,3.4,Law on Other Business Transactions,32,https://www.prc.gov.ph/sites/default/files/2022-30%20BOA%20TOS%20Final.pdf,Describe the consequences of non-compliance with obligation,,pending,pending,0,
RFBT,rfbt-115,4.1,Law on Other Business Transactions,32,https://www.prc.gov.ph/sites/default/files/2022-30%20BOA%20TOS%20Final.pdf,"Discuss the purpose, policies and principles",,pending,pending,0,
RFBT,rfbt-116,4.2,Law on Other Business Transactions,32,https://www.prc.gov.ph/sites/default/files/2022-30%20BOA%20TOS%20Final.pdf,Discuss the definition of terms,repeated wording; verify section context; short label; compare with source table,pending,pending,0,
RFBT,rfbt-117,4.3,Law on Other Business Transactions,32,https://www.prc.gov.ph/sites/default/files/2022-30%20BOA%20TOS%20Final.pdf,Illustrate unlawful activities,short label; compare with source table,pending,pending,0,
RFBT,rfbt-118,4.4,Law on Other Business Transactions,32,https://www.prc.gov.ph/sites/default/files/2022-30%20BOA%20TOS%20Final.pdf,Determine who are covered persons,short label; compare with source table,pending,pending,0,
RFBT,rfbt-119,4.5,Law on Other Business Transactions,32,https://www.prc.gov.ph/sites/default/files/2022-30%20BOA%20TOS%20Final.pdf,"Describe money laundering, terrorism and financing and asset forfeiture",,pending,pending,0,
RFBT,rfbt-120,4.6,Law on Other Business Transactions,32,https://www.prc.gov.ph/sites/default/files/2022-30%20BOA%20TOS%20Final.pdf,Apply and illustrate preventive measures and obligations of covered persons,,pending,pending,0,
RFBT,rfbt-121,4.7,Law on Other Business Transactions,32,https://www.prc.gov.ph/sites/default/files/2022-30%20BOA%20TOS%20Final.pdf,Explain and apply beneficial ownership,short label; compare with source table,pending,pending,0,
RFBT,rfbt-122,4.8,Law on Other Business Transactions,32,https://www.prc.gov.ph/sites/default/files/2022-30%20BOA%20TOS%20Final.pdf,Identify the record keeping requirements,,pending,pending,0,
RFBT,rfbt-123,4.8.1,Law on Other Business Transactions,32,https://www.prc.gov.ph/sites/default/files/2022-30%20BOA%20TOS%20Final.pdf,Discuss safe harbor,short label; compare with source table,pending,pending,0,
RFBT,rfbt-124,5.1,Law on Other Business Transactions,32,https://www.prc.gov.ph/sites/default/files/2022-30%20BOA%20TOS%20Final.pdf,Discuss Patents,short label; compare with source table,pending,pending,0,
RFBT,rfbt-125,5.2,Law on Other Business Transactions,32,https://www.prc.gov.ph/sites/default/files/2022-30%20BOA%20TOS%20Final.pdf,"Discuss Trademark, Service Marks and Trade Names",,pending,pending,0,
RFBT,rfbt-126,5.3,Law on Other Business Transactions,32,https://www.prc.gov.ph/sites/default/files/2022-30%20BOA%20TOS%20Final.pdf,Discuss Copyright,short label; compare with source table,pending,pending,0,
RFBT,rfbt-127,6.1,Law on Other Business Transactions,32,https://www.prc.gov.ph/sites/default/files/2022-30%20BOA%20TOS%20Final.pdf,Discuss definitions,short label; compare with source table,pending,pending,0,
RFBT,rfbt-128,6.2,Law on Other Business Transactions,32,https://www.prc.gov.ph/sites/default/files/2022-30%20BOA%20TOS%20Final.pdf,Discuss the scope of application,short label; compare with source table,pending,pending,0,
RFBT,rfbt-129,6.3,Law on Other Business Transactions,32,https://www.prc.gov.ph/sites/default/files/2022-30%20BOA%20TOS%20Final.pdf,Describe the data privacy principles,short label; compare with source table,pending,pending,0,
RFBT,rfbt-130,6.4,Law on Other Business Transactions,33,https://www.prc.gov.ph/sites/default/files/2022-30%20BOA%20TOS%20Final.pdf,Illustrate processing of personal data,short label; compare with source table,pending,pending,0,
RFBT,rfbt-131,6.5,Law on Other Business Transactions,33,https://www.prc.gov.ph/sites/default/files/2022-30%20BOA%20TOS%20Final.pdf,Identify the security measures for protection of personal data,,pending,pending,0,
RFBT,rfbt-132,6.6,Law on Other Business Transactions,33,https://www.prc.gov.ph/sites/default/files/2022-30%20BOA%20TOS%20Final.pdf,Determine the rights of data subject,short label; compare with source table,pending,pending,0,
RFBT,rfbt-133,6.7,Law on Other Business Transactions,33,https://www.prc.gov.ph/sites/default/files/2022-30%20BOA%20TOS%20Final.pdf,Apply data breach notification,short label; compare with source table,pending,pending,0,
RFBT,rfbt-134,6.9,Law on Other Business Transactions,33,https://www.prc.gov.ph/sites/default/files/2022-30%20BOA%20TOS%20Final.pdf,Determine registration and compliance requirements,,pending,pending,0,
RFBT,rfbt-135,7.1,Law on Other Business Transactions,33,https://www.prc.gov.ph/sites/default/files/2022-30%20BOA%20TOS%20Final.pdf,Discuss the principles,short label; compare with source table,pending,pending,0,
RFBT,rfbt-136,7.2,Law on Other Business Transactions,33,https://www.prc.gov.ph/sites/default/files/2022-30%20BOA%20TOS%20Final.pdf,Describe the application,short label; compare with source table,pending,pending,0,
RFBT,rfbt-137,7.3,Law on Other Business Transactions,33,https://www.prc.gov.ph/sites/default/files/2022-30%20BOA%20TOS%20Final.pdf,Discuss the definition of terms,repeated wording; verify section context; short label; compare with source table,pending,pending,0,
RFBT,rfbt-138,7.4,Law on Other Business Transactions,33,https://www.prc.gov.ph/sites/default/files/2022-30%20BOA%20TOS%20Final.pdf,Apply the legal recognition and communication of electronic data messages and electronic documents,,pending,pending,0,
RFBT,rfbt-139,7.5,Law on Other Business Transactions,33,https://www.prc.gov.ph/sites/default/files/2022-30%20BOA%20TOS%20Final.pdf,Discuss the electronic commerce in carriage of goods,,pending,pending,0,
RFBT,rfbt-140,7.6,Law on Other Business Transactions,33,https://www.prc.gov.ph/sites/default/files/2022-30%20BOA%20TOS%20Final.pdf,Explain the electronic transactions in government,,pending,pending,0,
RFBT,rfbt-141,8.1,Law on Other Business Transactions,33,https://www.prc.gov.ph/sites/default/files/2022-30%20BOA%20TOS%20Final.pdf,"Explain the policy, construction and interpretation",,pending,pending,0,
RFBT,rfbt-142,8.2,Law on Other Business Transactions,33,https://www.prc.gov.ph/sites/default/files/2022-30%20BOA%20TOS%20Final.pdf,Discuss the definition of terms,repeated wording; verify section context; short label; compare with source table,pending,pending,0,
RFBT,rfbt-143,8.3,Law on Other Business Transactions,33,https://www.prc.gov.ph/sites/default/files/2022-30%20BOA%20TOS%20Final.pdf,Discuss the coverage and scope,short label; compare with source table,pending,pending,0,
RFBT,rfbt-144,8.4,Law on Other Business Transactions,33,https://www.prc.gov.ph/sites/default/files/2022-30%20BOA%20TOS%20Final.pdf,Explain reengineering of systems and procedures,,pending,pending,0,
RFBT,rfbt-145,8.6,Law on Other Business Transactions,33,https://www.prc.gov.ph/sites/default/files/2022-30%20BOA%20TOS%20Final.pdf,Illustrate accessing government services,,pending,pending,0,
RFBT,rfbt-146,8.7,Law on Other Business Transactions,33,https://www.prc.gov.ph/sites/default/files/2022-30%20BOA%20TOS%20Final.pdf,Describe the streamlined procedures for the issuances of permits and licenses,,pending,pending,0,
RFBT,rfbt-147,8.8,Law on Other Business Transactions,33,https://www.prc.gov.ph/sites/default/files/2022-30%20BOA%20TOS%20Final.pdf,"Identify the violations, jurisdiction, penalties, and immunity",,pending,pending,0,
RFBT,rfbt-148,9.1,Law on Other Business Transactions,33,https://www.prc.gov.ph/sites/default/files/2022-30%20BOA%20TOS%20Final.pdf,Explain and apply labor standards on the aspect of:,label ends with a colon; check missing continuation,pending,pending,0,
RFBT,rfbt-149,10.1,Law on Other Business Transactions,33,https://www.prc.gov.ph/sites/default/files/2022-30%20BOA%20TOS%20Final.pdf,Discuss the definition of terms,repeated wording; verify section context; short label; compare with source table,pending,pending,0,
RFBT,rfbt-150,10.2,Law on Other Business Transactions,33,https://www.prc.gov.ph/sites/default/files/2022-30%20BOA%20TOS%20Final.pdf,Explain the scope and coverage,short label; compare with source table,pending,pending,0,
RFBT,rfbt-151,10.3,Law on Other Business Transactions,33,https://www.prc.gov.ph/sites/default/files/2022-30%20BOA%20TOS%20Final.pdf,"Illustrate pension, retirement and other benefits",,pending,pending,0,
RFBT,rfbt-152,10.4,Law on Other Business Transactions,33,https://www.prc.gov.ph/sites/default/files/2022-30%20BOA%20TOS%20Final.pdf,"Discuss the exemptions from tax, legal process and lien",,pending,pending,0,
RFBT,rfbt-153,10.5,Law on Other Business Transactions,33,https://www.prc.gov.ph/sites/default/files/2022-30%20BOA%20TOS%20Final.pdf,Compute employee’s and employer’s contributions,,pending,pending,0,
RFBT,rfbt-154,10.6,Law on Other Business Transactions,33,https://www.prc.gov.ph/sites/default/files/2022-30%20BOA%20TOS%20Final.pdf,Compute contributions from self-employed member,,pending,pending,0,
RFBT,rfbt-155,10.7,Law on Other Business Transactions,34,https://www.prc.gov.ph/sites/default/files/2022-30%20BOA%20TOS%20Final.pdf,Determine the remittance of contributions,,pending,pending,0,
RFBT,rfbt-156,10.10,Law on Other Business Transactions,34,https://www.prc.gov.ph/sites/default/files/2022-30%20BOA%20TOS%20Final.pdf,Describe the penal clauses,short label; compare with source table,pending,pending,0,
TAX,tax-001,1,PRINCIPLES OF TAXATION,35,https://www.prc.gov.ph/sites/default/files/2022-30%20BOA%20TOS%20Final.pdf,"Describe the nature, scope, classification, and essential characteristics",,pending,pending,0,
TAX,tax-002,2,PRINCIPLES OF TAXATION,35,https://www.prc.gov.ph/sites/default/files/2022-30%20BOA%20TOS%20Final.pdf,Identify the principles of sound tax system,,pending,pending,0,
TAX,tax-003,3,PRINCIPLES OF TAXATION,35,https://www.prc.gov.ph/sites/default/files/2022-30%20BOA%20TOS%20Final.pdf,Discuss the limitations on the power of taxation,,pending,pending,0,
TAX,tax-004,4,PRINCIPLES OF TAXATION,35,https://www.prc.gov.ph/sites/default/files/2022-30%20BOA%20TOS%20Final.pdf,Differentiate tax evasion vs. tax avoidance,,pending,pending,0,
TAX,tax-005,5,PRINCIPLES OF TAXATION,35,https://www.prc.gov.ph/sites/default/files/2022-30%20BOA%20TOS%20Final.pdf,Determine the situs/place of taxation,short label; compare with source table,pending,pending,0,
TAX,tax-006,6,PRINCIPLES OF TAXATION,35,https://www.prc.gov.ph/sites/default/files/2022-30%20BOA%20TOS%20Final.pdf,Explain double taxation,short label; compare with source table,pending,pending,0,
TAX,tax-007,7,PRINCIPLES OF TAXATION,35,https://www.prc.gov.ph/sites/default/files/2022-30%20BOA%20TOS%20Final.pdf,Discuss the legislation of tax laws,short label; compare with source table,pending,pending,0,
TAX,tax-008,8,PRINCIPLES OF TAXATION,35,https://www.prc.gov.ph/sites/default/files/2022-30%20BOA%20TOS%20Final.pdf,Apply the impact of taxes in nation building,,pending,pending,0,
TAX,tax-009,9,PRINCIPLES OF TAXATION,35,https://www.prc.gov.ph/sites/default/files/2022-30%20BOA%20TOS%20Final.pdf,Evaluate ethical tax compliance and administration,,pending,pending,0,
TAX,tax-010,10,PRINCIPLES OF TAXATION,35,https://www.prc.gov.ph/sites/default/files/2022-30%20BOA%20TOS%20Final.pdf,"Describe the organization and functions of the Bureau of Internal Revenue, Local Government Tax Collecting Units, Board of Investments, Philippine Economic Zone Authority and the Bases Conversion and Development Authority",,pending,pending,0,
TAX,tax-011,1,TAX REMEDIES,35,https://www.prc.gov.ph/sites/default/files/2022-30%20BOA%20TOS%20Final.pdf,Evaluate the remedies of the government,short label; compare with source table,pending,pending,0,
TAX,tax-012,2,TAX REMEDIES,35,https://www.prc.gov.ph/sites/default/files/2022-30%20BOA%20TOS%20Final.pdf,Apply the remedies of the taxpayer,short label; compare with source table,pending,pending,0,
TAX,tax-013,1,INCOME TAXATION,35,https://www.prc.gov.ph/sites/default/files/2022-30%20BOA%20TOS%20Final.pdf,Identify the taxpayer and tax base,short label; compare with source table,pending,pending,0,
TAX,tax-014,2,INCOME TAXATION,35,https://www.prc.gov.ph/sites/default/files/2022-30%20BOA%20TOS%20Final.pdf,Compute gross income,short label; compare with source table,pending,pending,0,
TAX,tax-015,3,INCOME TAXATION,35,https://www.prc.gov.ph/sites/default/files/2022-30%20BOA%20TOS%20Final.pdf,Analyze the deductions from gross income,,pending,pending,0,
TAX,tax-016,4,INCOME TAXATION,35,https://www.prc.gov.ph/sites/default/files/2022-30%20BOA%20TOS%20Final.pdf,Determine accounting periods,short label; compare with source table,pending,pending,0,
TAX,tax-017,5,INCOME TAXATION,35,https://www.prc.gov.ph/sites/default/files/2022-30%20BOA%20TOS%20Final.pdf,Apply the accounting methods,short label; compare with source table,pending,pending,0,
TAX,tax-018,6,INCOME TAXATION,35,https://www.prc.gov.ph/sites/default/files/2022-30%20BOA%20TOS%20Final.pdf,"Analyze and compute tax due and determine tax credits, if applicable",repeated wording; verify section context,pending,pending,0,
TAX,tax-019,7,INCOME TAXATION,35,https://www.prc.gov.ph/sites/default/files/2022-30%20BOA%20TOS%20Final.pdf,Apply tax return preparation and filing and tax payment requirements,repeated wording; verify section context,pending,pending,0,
TAX,tax-020,8,INCOME TAXATION,35,https://www.prc.gov.ph/sites/default/files/2022-30%20BOA%20TOS%20Final.pdf,"Analyze withholding taxes (at source, expanded or creditable withholding tax, final withholding taxes and withholding tax on government payments)",,pending,pending,0,
TAX,tax-021,9,INCOME TAXATION,35,https://www.prc.gov.ph/sites/default/files/2022-30%20BOA%20TOS%20Final.pdf,Determine compliance requirements,repeated wording; verify section context; short label; compare with source table,pending,pending,0,
TAX,tax-022,10,INCOME TAXATION,36,https://www.prc.gov.ph/sites/default/files/2022-30%20BOA%20TOS%20Final.pdf,"Describe, analyze and apply specific provisions of other special laws relating to income taxation",repeated wording; verify section context,pending,pending,0,
TAX,tax-023,10.1,INCOME TAXATION,36,https://www.prc.gov.ph/sites/default/files/2022-30%20BOA%20TOS%20Final.pdf,"Describe, analyze and apply specific provisions of other special laws relating to income taxation",repeated wording; verify section context,pending,pending,0,
TAX,tax-024,11,INCOME TAXATION,36,https://www.prc.gov.ph/sites/default/files/2022-30%20BOA%20TOS%20Final.pdf,"Differentiate and reconcile differences between tax rules and accounting rules (e.g., PFRS or other frameworks)",,pending,pending,0,
TAX,tax-025,11.1,INCOME TAXATION,36,https://www.prc.gov.ph/sites/default/files/2022-30%20BOA%20TOS%20Final.pdf,Identify and understand the differences between tax rules and accounting rules,,pending,pending,0,
TAX,tax-026,12,INCOME TAXATION,36,https://www.prc.gov.ph/sites/default/files/2022-30%20BOA%20TOS%20Final.pdf,"Analyze and determine tax implications of transactions by applying the tax rules and regulations, and formulate sound tax planning strategies within legal and ethical bounds to efficiently manage tax liabilities",repeated wording; verify section context,pending,pending,0,
TAX,tax-027,1,TRANSFER TAXES,36,https://www.prc.gov.ph/sites/default/files/2022-30%20BOA%20TOS%20Final.pdf,"Describe, analyze and compute estate tax",,pending,pending,0,
TAX,tax-028,1.1,TRANSFER TAXES,36,https://www.prc.gov.ph/sites/default/files/2022-30%20BOA%20TOS%20Final.pdf,"Describe the principles, concepts involving estate taxation",,pending,pending,0,
TAX,tax-029,1.2,TRANSFER TAXES,36,https://www.prc.gov.ph/sites/default/files/2022-30%20BOA%20TOS%20Final.pdf,Identify the classification of decedents,,pending,pending,0,
TAX,tax-030,1.3,TRANSFER TAXES,36,https://www.prc.gov.ph/sites/default/files/2022-30%20BOA%20TOS%20Final.pdf,Identify and analyze the items to be included and/or excluded in determining gross estate,,pending,pending,0,
TAX,tax-031,1.4,TRANSFER TAXES,36,https://www.prc.gov.ph/sites/default/files/2022-30%20BOA%20TOS%20Final.pdf,Identify and analyze the allowable deductions from gross estate,,pending,pending,0,
TAX,tax-032,1.5,TRANSFER TAXES,36,https://www.prc.gov.ph/sites/default/files/2022-30%20BOA%20TOS%20Final.pdf,"Analyze and compute tax due and determine tax credits, if applicable",repeated wording; verify section context,pending,pending,0,
TAX,tax-033,1.6,TRANSFER TAXES,36,https://www.prc.gov.ph/sites/default/files/2022-30%20BOA%20TOS%20Final.pdf,Apply tax return preparation and filing and tax payment requirements,repeated wording; verify section context,pending,pending,0,
TAX,tax-034,1.7,TRANSFER TAXES,36,https://www.prc.gov.ph/sites/default/files/2022-30%20BOA%20TOS%20Final.pdf,Determine compliance requirements,repeated wording; verify section context; short label; compare with source table,pending,pending,0,
TAX,tax-035,1.8,TRANSFER TAXES,36,https://www.prc.gov.ph/sites/default/files/2022-30%20BOA%20TOS%20Final.pdf,"Analyze and determine tax implications of transactions by applying the tax rules and regulations, and formulate sound tax planning strategies within legal and ethical bounds to efficiently manage tax liabilities",repeated wording; verify section context,pending,pending,0,
TAX,tax-036,2,TRANSFER TAXES,36,https://www.prc.gov.ph/sites/default/files/2022-30%20BOA%20TOS%20Final.pdf,"Describe, analyze and compute donor’s tax",,pending,pending,0,
TAX,tax-037,2.1,TRANSFER TAXES,36,https://www.prc.gov.ph/sites/default/files/2022-30%20BOA%20TOS%20Final.pdf,"Describe the principles, concepts involving donor’s taxation",,pending,pending,0,
TAX,tax-038,2.2,TRANSFER TAXES,36,https://www.prc.gov.ph/sites/default/files/2022-30%20BOA%20TOS%20Final.pdf,Identify and analyze transfers which may be considered a donation,,pending,pending,0,
TAX,tax-039,2.3,TRANSFER TAXES,36,https://www.prc.gov.ph/sites/default/files/2022-30%20BOA%20TOS%20Final.pdf,Identify the classification of donors,short label; compare with source table,pending,pending,0,
TAX,tax-040,2.4,TRANSFER TAXES,36,https://www.prc.gov.ph/sites/default/files/2022-30%20BOA%20TOS%20Final.pdf,"Determine, analyze and compute net gifts/donations",,pending,pending,0,
TAX,tax-041,2.5,TRANSFER TAXES,36,https://www.prc.gov.ph/sites/default/files/2022-30%20BOA%20TOS%20Final.pdf,"Analyze and compute tax due and determine tax credits, if applicable",repeated wording; verify section context,pending,pending,0,
TAX,tax-042,2.6,TRANSFER TAXES,36,https://www.prc.gov.ph/sites/default/files/2022-30%20BOA%20TOS%20Final.pdf,Apply tax return preparation and filing and tax payment requirements,repeated wording; verify section context,pending,pending,0,
TAX,tax-043,2.7,TRANSFER TAXES,36,https://www.prc.gov.ph/sites/default/files/2022-30%20BOA%20TOS%20Final.pdf,Determine compliance requirements,repeated wording; verify section context; short label; compare with source table,pending,pending,0,
TAX,tax-044,2.8,TRANSFER TAXES,36,https://www.prc.gov.ph/sites/default/files/2022-30%20BOA%20TOS%20Final.pdf,"Analyze and determine tax implications of transactions by applying the tax rules and regulations, and formulate sound tax planning strategies within legal and ethical bounds to efficiently manage tax liabilities",repeated wording; verify section context,pending,pending,0,
TAX,tax-045,1,BUSINESS TAXES,36,https://www.prc.gov.ph/sites/default/files/2022-30%20BOA%20TOS%20Final.pdf,"Describe, analyze and compute value-added tax",,pending,pending,0,
TAX,tax-046,1.1,BUSINESS TAXES,36,https://www.prc.gov.ph/sites/default/files/2022-30%20BOA%20TOS%20Final.pdf,Describe the nature and characteristics of value-added tax,,pending,pending,0,
TAX,tax-047,1.2,BUSINESS TAXES,36,https://www.prc.gov.ph/sites/default/files/2022-30%20BOA%20TOS%20Final.pdf,Analyze and determine persons subject to value-added tax,,pending,pending,0,
TAX,tax-048,1.3,BUSINESS TAXES,36,https://www.prc.gov.ph/sites/default/files/2022-30%20BOA%20TOS%20Final.pdf,"Analyze and determine transactions subject to 12%, 0% and withholding VAT and/or exempt from value-added tax",,pending,pending,0,
TAX,tax-049,1.4,BUSINESS TAXES,36,https://www.prc.gov.ph/sites/default/files/2022-30%20BOA%20TOS%20Final.pdf,Identify and analyze sources of input tax,,pending,pending,0,
TAX,tax-050,1.5,BUSINESS TAXES,37,https://www.prc.gov.ph/sites/default/files/2022-30%20BOA%20TOS%20Final.pdf,"Analyze and compute value-added tax payable or excess input tax credits and determine tax credits, if applicable",,pending,pending,0,
TAX,tax-051,1.6,BUSINESS TAXES,37,https://www.prc.gov.ph/sites/default/files/2022-30%20BOA%20TOS%20Final.pdf,Describe and apply the process for claiming input VAT refund,,pending,pending,0,
TAX,tax-052,1.7,BUSINESS TAXES,37,https://www.prc.gov.ph/sites/default/files/2022-30%20BOA%20TOS%20Final.pdf,Apply tax return preparation and filing and tax payment requirements,repeated wording; verify section context,pending,pending,0,
TAX,tax-053,1.8,BUSINESS TAXES,37,https://www.prc.gov.ph/sites/default/files/2022-30%20BOA%20TOS%20Final.pdf,Determine compliance requirements,repeated wording; verify section context; short label; compare with source table,pending,pending,0,
TAX,tax-054,1.9,BUSINESS TAXES,37,https://www.prc.gov.ph/sites/default/files/2022-30%20BOA%20TOS%20Final.pdf,"Analyze and determine tax implications of transactions by applying the tax rules and regulations, and formulate sound tax planning strategies within legal and ethical bounds to efficiently manage tax liabilities",repeated wording; verify section context,pending,pending,0,
TAX,tax-055,2,BUSINESS TAXES,37,https://www.prc.gov.ph/sites/default/files/2022-30%20BOA%20TOS%20Final.pdf,"Describe, analyze and compute percentage tax",,pending,pending,0,
TAX,tax-056,2.1,BUSINESS TAXES,37,https://www.prc.gov.ph/sites/default/files/2022-30%20BOA%20TOS%20Final.pdf,Describe the nature and characteristics of percentage tax,,pending,pending,0,
TAX,tax-057,2.2,BUSINESS TAXES,37,https://www.prc.gov.ph/sites/default/files/2022-30%20BOA%20TOS%20Final.pdf,Analyze and determine persons subject to percentage tax,,pending,pending,0,
TAX,tax-058,2.3,BUSINESS TAXES,37,https://www.prc.gov.ph/sites/default/files/2022-30%20BOA%20TOS%20Final.pdf,Analyze and determine transactions subject to and/or exempt from percentage tax,,pending,pending,0,
TAX,tax-059,2.4,BUSINESS TAXES,37,https://www.prc.gov.ph/sites/default/files/2022-30%20BOA%20TOS%20Final.pdf,"Analyze and compute percentage tax due, and determine tax credits, if applicable",,pending,pending,0,
TAX,tax-060,2.5,BUSINESS TAXES,37,https://www.prc.gov.ph/sites/default/files/2022-30%20BOA%20TOS%20Final.pdf,Apply tax return preparation and filing and tax payment requirements,repeated wording; verify section context,pending,pending,0,
TAX,tax-061,2.6,BUSINESS TAXES,37,https://www.prc.gov.ph/sites/default/files/2022-30%20BOA%20TOS%20Final.pdf,Determine compliance requirements,repeated wording; verify section context; short label; compare with source table,pending,pending,0,
TAX,tax-062,2.7,BUSINESS TAXES,37,https://www.prc.gov.ph/sites/default/files/2022-30%20BOA%20TOS%20Final.pdf,"Analyze and determine tax implications of transactions by applying the tax rules and regulations, and formulate sound tax planning strategies within legal and ethical bounds to efficiently manage tax liabilities",repeated wording; verify section context,pending,pending,0,
TAX,tax-063,3,BUSINESS TAXES,37,https://www.prc.gov.ph/sites/default/files/2022-30%20BOA%20TOS%20Final.pdf,"Describe, analyze and apply specific provisions of other special laws relating to business taxation",,pending,pending,0,
TAX,tax-064,1,EXCISE TAX,37,https://www.prc.gov.ph/sites/default/files/2022-30%20BOA%20TOS%20Final.pdf,Describe the nature and characteristics of excise tax,,pending,pending,0,
TAX,tax-065,2,EXCISE TAX,37,https://www.prc.gov.ph/sites/default/files/2022-30%20BOA%20TOS%20Final.pdf,Identify and analyze transactions subject to and/or exempt from excise tax,,pending,pending,0,
TAX,tax-066,3,EXCISE TAX,37,https://www.prc.gov.ph/sites/default/files/2022-30%20BOA%20TOS%20Final.pdf,Determine and compute for the tax base and tax due,repeated wording; verify section context,pending,pending,0,
TAX,tax-067,4,EXCISE TAX,37,https://www.prc.gov.ph/sites/default/files/2022-30%20BOA%20TOS%20Final.pdf,Apply tax return preparation and filing and tax payment requirements,repeated wording; verify section context,pending,pending,0,
TAX,tax-068,5,EXCISE TAX,37,https://www.prc.gov.ph/sites/default/files/2022-30%20BOA%20TOS%20Final.pdf,Determine compliance requirements,repeated wording; verify section context; short label; compare with source table,pending,pending,0,
TAX,tax-069,6,EXCISE TAX,37,https://www.prc.gov.ph/sites/default/files/2022-30%20BOA%20TOS%20Final.pdf,"Analyze and determine tax implications of transactions by applying the tax rules and regulations, and formulate sound tax planning strategies within legal and ethical bounds to efficiently manage tax liabilities",repeated wording; verify section context,pending,pending,0,
TAX,tax-070,1,DOCUMENTARY STAMP TAX,37,https://www.prc.gov.ph/sites/default/files/2022-30%20BOA%20TOS%20Final.pdf,Describe the nature and characteristics of documentary stamp tax,,pending,pending,0,
TAX,tax-071,2,DOCUMENTARY STAMP TAX,37,https://www.prc.gov.ph/sites/default/files/2022-30%20BOA%20TOS%20Final.pdf,Identify and analyze transactions subject to and/or exempt from documentary stamp tax,,pending,pending,0,
TAX,tax-072,3,DOCUMENTARY STAMP TAX,37,https://www.prc.gov.ph/sites/default/files/2022-30%20BOA%20TOS%20Final.pdf,Determine and compute for the tax base and tax due,repeated wording; verify section context,pending,pending,0,
TAX,tax-073,4,DOCUMENTARY STAMP TAX,37,https://www.prc.gov.ph/sites/default/files/2022-30%20BOA%20TOS%20Final.pdf,Apply tax return preparation and filing and tax payment requirements,repeated wording; verify section context,pending,pending,0,
TAX,tax-074,5,DOCUMENTARY STAMP TAX,37,https://www.prc.gov.ph/sites/default/files/2022-30%20BOA%20TOS%20Final.pdf,Determine compliance requirements,repeated wording; verify section context; short label; compare with source table,pending,pending,0,
TAX,tax-075,6,DOCUMENTARY STAMP TAX,37,https://www.prc.gov.ph/sites/default/files/2022-30%20BOA%20TOS%20Final.pdf,"Analyze and determine tax implications of transactions by applying the tax rules and regulations, and formulate sound tax planning strategies within legal and ethical bounds to efficiently manage tax liabilities",repeated wording; verify section context,pending,pending,0,
TAX,tax-076,1,TAXATION UNDER THE LOCAL GOVERNMENT CODE (Local Government Taxation and Real Property Taxation under the Local Government Code),37,https://www.prc.gov.ph/sites/default/files/2022-30%20BOA%20TOS%20Final.pdf,"Describe the fundamental principles, scope of taxing power of local government units (LGUs)",,pending,pending,0,
TAX,tax-077,2,TAXATION UNDER THE LOCAL GOVERNMENT CODE (Local Government Taxation and Real Property Taxation under the Local Government Code),38,https://www.prc.gov.ph/sites/default/files/2022-30%20BOA%20TOS%20Final.pdf,"Describe and apply the scope and different types of local taxes (limited to real property tax, local tax imposed by provinces, municipalities and cities, and barangays)",,pending,pending,0,
TAX,tax-078,3,TAXATION UNDER THE LOCAL GOVERNMENT CODE (Local Government Taxation and Real Property Taxation under the Local Government Code),38,https://www.prc.gov.ph/sites/default/files/2022-30%20BOA%20TOS%20Final.pdf,Identify the tax base and tax rates,short label; compare with source table,pending,pending,0,
TAX,tax-079,4,TAXATION UNDER THE LOCAL GOVERNMENT CODE (Local Government Taxation and Real Property Taxation under the Local Government Code),38,https://www.prc.gov.ph/sites/default/files/2022-30%20BOA%20TOS%20Final.pdf,Determine the venue and time of payment,short label; compare with source table,pending,pending,0,
TAX,tax-080,5,TAXATION UNDER THE LOCAL GOVERNMENT CODE (Local Government Taxation and Real Property Taxation under the Local Government Code),38,https://www.prc.gov.ph/sites/default/files/2022-30%20BOA%20TOS%20Final.pdf,Evaluate and apply the remedies available to the government and the taxpayer,,pending,pending,0,
TAX,tax-081,6,TAXATION UNDER THE LOCAL GOVERNMENT CODE (Local Government Taxation and Real Property Taxation under the Local Government Code),38,https://www.prc.gov.ph/sites/default/files/2022-30%20BOA%20TOS%20Final.pdf,"Analyze and determine tax implications of transactions by applying the tax rules and regulations, and formulate sound tax planning strategies within legal and ethical bounds to efficiently manage tax liabilities",repeated wording; verify section context,pending,pending,0,
TAX,tax-082,1,PREFERENTIAL TAXATION,38,https://www.prc.gov.ph/sites/default/files/2022-30%20BOA%20TOS%20Final.pdf,"Describe, analyze and apply Special Economic Zone Act for purposes of determining tax liabilities and tax incentives",,pending,pending,0,
TAX,tax-083,2,PREFERENTIAL TAXATION,38,https://www.prc.gov.ph/sites/default/files/2022-30%20BOA%20TOS%20Final.pdf,"Describe, analyze and apply Bases Conversion and Development Act (BCDA) for purposes of determining tax liabilities and tax incentives",,pending,pending,0,
TAX,tax-084,3,PREFERENTIAL TAXATION,38,https://www.prc.gov.ph/sites/default/files/2022-30%20BOA%20TOS%20Final.pdf,"Describe, analyze and apply the Omnibus Investments Code for purposes of determining tax liabilities and tax incentives",,pending,pending,0,
TAX,tax-085,4,PREFERENTIAL TAXATION,38,https://www.prc.gov.ph/sites/default/files/2022-30%20BOA%20TOS%20Final.pdf,"Describe, analyze and apply the basic principles of tax treaty and specific provisions of Double Taxation Agreement (DTA) models (e.g. OECD Model Tax Convention, UN Model Double Taxation Convention and United States Model Income Tax Convention) in determining the tax implications of various income items of non-residents, such as:",long label; check line wrapping; label ends with a colon; check missing continuation,pending,pending,0,
TAX,tax-086,5,PREFERENTIAL TAXATION,38,https://www.prc.gov.ph/sites/default/files/2022-30%20BOA%20TOS%20Final.pdf,"Analyze and determine tax implications of transactions by applying the tax rules and regulations, and formulate sound tax planning strategies within legal and ethical bounds to efficiently manage tax liabilities",repeated wording; verify section context,pending,pending,0,
